"","","Under-five mortality rate (per 1000 live births) (SDG 3.2.1)","Under-five mortality rate (per 1000 live births) (SDG 3.2.1)","Under-five mortality rate (per 1000 live births) (SDG 3.2.1)","Number of deaths among children under-five","Number of deaths among children under-five","Number of deaths among children under-five"
"WHO region","Year"," Both sexes"," Male"," Female"," Both sexes"," Male"," Female"
"Global"," 2021","38.09 [36.13-42.24]","40.28 [38.24-44.7]","35.74 [33.89-39.7]","5 033 672 [4 777 749-5 566 153]","2 737 202 [2 599 159-3 024 754]","2 296 470 [2 177 106-2 541 468]"
"Global"," 2020","38.73 [36.93-42.37]","40.9 [39.03-44.74]","36.43 [34.68-39.85]","5 185 562 [4 948 750-5 657 241]","2 816 372 [2 688 084-3 072 548]","2 369 190 [2 255 819-2 584 491]"
"Global"," 2019","39.29 [37.66-42.46]","41.39 [39.69-44.74]","37.04 [35.45-40.03]","5 354 698 [5 134 685-5 774 803]","2 904 766 [2 786 395-3 132 499]","2 449 932 [2 345 236-2 641 728]"
"Global"," 2018","40 [38.5-42.74]","42.05 [40.49-44.95]","37.81 [36.35-40.43]","5 525 259 [5 321 408-5 896 751]","2 992 809 [2 883 562-3 194 086]","2 532 450 [2 435 395-2 704 053]"
"Global"," 2017","40.62 [39.23-43.03]","42.61 [41.16-45.13]","38.49 [37.13-40.79]","5 702 746 [5 511 316-6 031 617]","3 085 850 [2 982 313-3 262 401]","2 616 896 [2 525 391-2 768 252]"
"Global"," 2016","41.89 [40.58-44]","43.86 [42.51-46.08]","39.77 [38.48-41.83]","5 889 679 [5 708 323-6 177 608]","3 182 877 [3 084 499-3 338 895]","2 706 802 [2 619 939-2 842 749]"
"Global"," 2015","43.2 [41.98-45.09]","45.16 [43.88-47.15]","41.09 [39.9-42.91]","6 070 327 [5 901 239-6 329 296]","3 275 770 [3 183 931-3 415 393]","2 794 557 [2 713 259-2 914 508]"
"Global"," 2014","44.44 [43.31-46.13]","46.36 [45.17-48.14]","42.37 [41.26-44]","6 271 340 [6 113 959-6 502 850]","3 380 241 [3 294 112-3 505 320]","2 891 099 [2 815 728-2 998 308]"
"Global"," 2013","46.02 [44.94-47.51]","47.91 [46.78-49.49]","43.96 [42.9-45.44]","6 481 594 [6 331 435-6 686 095]","3 488 328 [3 405 610-3 598 811]","2 993 266 [2 921 083-3 090 028]"
"Global"," 2012","47.59 [46.56-48.94]","49.43 [48.35-50.87]","45.57 [44.55-46.91]","6 681 748 [6 539 555-6 867 412]","3 591 075 [3 512 329-3 690 985]","3 090 673 [3 021 511-3 177 863]"
"Global"," 2011","49.53 [48.54-50.81]","51.38 [50.33-52.72]","47.52 [46.51-48.78]","6 875 719 [6 739 889-7 048 473]","3 689 852 [3 614 330-3 782 337]","3 185 867 [3 117 911-3 267 376]"
"Global"," 2010","51.42 [50.47-52.65]","53.25 [52.26-54.55]","49.43 [48.47-50.65]","7 108 596 [6 979 822-7 274 080]","3 809 591 [3 738 185-3 898 788]","3 299 005 [3 234 803-3 377 613]"
"Global"," 2009","53.31 [52.39-54.49]","55.17 [54.22-56.42]","51.27 [50.36-52.47]","7 328 160 [7 203 389-7 488 392]","3 925 779 [3 856 960-4 011 042]","3 402 381 [3 341 279-3 478 524]"
"Global"," 2008","55.72 [54.82-56.88]","57.6 [56.66-58.8]","53.68 [52.77-54.85]","7 594 037 [7 472 866-7 748 860]","4 062 773 [3 995 883-4 144 631]","3 531 264 [3 470 742-3 605 394]"
"Global"," 2007","57.99 [57.1-59.12]","59.88 [58.95-61.05]","55.93 [55.03-57.07]","7 808 836 [7 689 638-7 959 123]","4 173 325 [4 107 600-4 252 642]","3 635 511 [3 576 103-3 707 506]"
"Global"," 2006","60.54 [59.64-61.65]","62.48 [61.54-63.62]","58.42 [57.48-59.54]","8 072 075 [7 950 838-8 217 989]","4 312 520 [4 246 375-4 388 747]","3 759 555 [3 698 099-3 829 574]"
"Global"," 2005","63.12 [62.21-64.24]","65.02 [64.08-66.17]","61.04 [60.11-62.17]","8 357 464 [8 237 270-8 503 990]","4 457 054 [4 391 076-4 532 765]","3 900 410 [3 839 653-3 970 459]"
"Global"," 2004","66.03 [65.1-67.14]","67.97 [67.01-69.13]","63.9 [62.95-65.05]","8 688 772 [8 567 152-8 833 661]","4 631 569 [4 565 123-4 707 530]","4 057 203 [3 995 756-4 127 763]"
"Global"," 2003","68.52 [67.57-69.64]","70.31 [69.33-71.48]","66.56 [65.6-67.74]","8 963 109 [8 840 026-9 107 455]","4 762 040 [4 695 397-4 838 218]","4 201 069 [4 139 500-4 272 622]"
"Global"," 2002","71.21 [70.25-72.36]","73 [72.01-74.2]","69.24 [68.27-70.43]","9 285 303 [9 161 981-9 433 023]","4 929 979 [4 861 598-5 008 105]","4 355 324 [4 293 323-4 427 439]"
"Global"," 2001","73.76 [72.79-74.92]","75.62 [74.61-76.84]","71.73 [70.73-72.92]","9 606 689 [9 481 140-9 755 863]","5 101 288 [5 032 546-5 180 982]","4 505 401 [4 441 658-4 577 736]"
"Global"," 2000","76.34 [75.35-77.52]","78.2 [77.18-79.43]","74.3 [73.29-75.52]","9 903 236 [9 777 014-10 055 211]","5 255 614 [5 186 677-5 335 620]","4 647 622 [4 584 046-4 721 710]"
"Global"," 1999","79.01 [78.02-80.23]","80.99 [79.95-82.25]","76.86 [75.84-78.1]","10 191 169 [10 064 016-10 346 366]","5 409 171 [5 339 406-5 491 266]","4 781 998 [4 718 022-4 857 706]"
"Global"," 1998","81.39 [80.38-82.61]","83.25 [82.2-84.52]","79.36 [78.31-80.64]","10 508 678 [10 378 741-10 664 119]","5 564 323 [5 492 614-5 647 104]","4 944 355 [4 878 311-5 021 710]"
"Global"," 1997","83.54 [82.5-84.78]","85.43 [84.35-86.74]","81.47 [80.4-82.77]","10 811 867 [10 679 149-10 969 511]","5 722 304 [5 649 097-5 807 455]","5 089 563 [5 022 494-5 168 939]"
"Global"," 1996","85.5 [84.45-86.77]","87.48 [86.35-88.81]","83.36 [82.25-84.7]","11 110 272 [10 973 412-11 271 847]","5 881 019 [5 804 655-5 968 031]","5 229 253 [5 159 171-5 311 750]"
"Global"," 1995","87.27 [86.2-88.56]","89.3 [88.15-90.64]","85.09 [83.95-86.44]","11 392 568 [11 253 526-11 558 055]","6 028 325 [5 950 944-6 117 317]","5 364 243 [5 292 503-5 448 452]"
"Global"," 1994","89.24 [88.14-90.52]","91.35 [90.16-92.71]","86.96 [85.82-88.33]","11 710 162 [11 566 577-11 875 258]","6 194 964 [6 113 487-6 285 264]","5 515 198 [5 441 910-5 600 153]"
"Global"," 1993","90.31 [89.18-91.6]","92.55 [91.34-93.93]","87.9 [86.73-89.28]","11 929 157 [11 781 204-12 098 463]","6 313 755 [6 231 102-6 407 394]","5 615 402 [5 539 801-5 702 164]"
"Global"," 1992","91.46 [90.31-92.79]","93.81 [92.55-95.23]","88.95 [87.72-90.35]","12 200 874 [12 046 817-12 377 976]","6 459 418 [6 372 584-6 556 991]","5 741 456 [5 661 887-5 832 608]"
"Global"," 1991","92.08 [90.87-93.47]","94.55 [93.25-96.04]","89.47 [88.19-90.92]","12 546 054 [12 379 135-12 736 270]","6 644 731 [6 551 234-6 750 026]","5 901 323 [5 816 670-5 997 469]"
"Global"," 1990","93.03 [91.71-94.53]","95.44 [94.03-97.08]","90.46 [89.1-92.02]","12 831 685 [12 651 501-13 036 720]","6 793 645 [6 693 176-6 907 944]","6 038 040 [5 947 898-6 141 328]"
"Africa"," 2021","71.77 [65.25-83.77]","76.91 [69.93-89.82]","66.32 [60.15-77.58]","2 762 235 [2 512 708-3 212 228]","1 506 288 [1 369 178-1 750 382]","1 255 947 [1 139 334-1 464 893]"
"Africa"," 2020","73.8 [67.56-84.65]","79.06 [72.35-90.64]","68.3 [62.47-78.48]","2 801 537 [2 565 709-3 207 213]","1 526 340 [1 396 701-1 745 179]","1 275 197 [1 166 186-1 461 381]"
"Africa"," 2019","75.89 [70.08-85.71]","81.17 [74.98-91.78]","70.29 [64.8-79.37]","2 838 891 [2 623 267-3 200 285]","1 544 976 [1 426 939-1 742 474]","1 293 915 [1 192 584-1 457 397]"
"Africa"," 2018","78.05 [72.6-86.81]","83.47 [77.61-92.84]","72.4 [67.21-80.6]","2 873 277 [2 674 703-3 192 051]","1 562 438 [1 453 227-1 734 797]","1 310 839 [1 217 188-1 457 455]"
"Africa"," 2017","80.37 [75.17-88.24]","85.9 [80.34-94.32]","74.58 [69.66-81.97]","2 911 973 [2 724 532-3 194 458]","1 582 666 [1 480 167-1 734 687]","1 329 307 [1 241 598-1 459 017]"
"Africa"," 2016","82.58 [77.71-89.58]","88.22 [83.05-95.68]","76.6 [72.02-83.23]","2 948 078 [2 775 672-3 195 659]","1 602 008 [1 507 282-1 733 872]","1 346 070 [1 264 892-1 460 500]"
"Africa"," 2015","84.96 [80.44-91.19]","90.75 [85.87-97.41]","78.88 [74.62-84.73]","2 988 884 [2 830 902-3 205 836]","1 623 353 [1 536 084-1 739 829]","1 365 531 [1 291 342-1 464 813]"
"Africa"," 2014","87.36 [83.15-92.87]","93.28 [88.75-99.19]","81.15 [77.2-86.33]","3 025 838 [2 881 271-3 214 340]","1 642 951 [1 562 894-1 744 585]","1 382 887 [1 315 400-1 469 299]"
"Africa"," 2013","89.97 [86.05-94.96]","96.02 [91.81-101.32]","83.6 [79.85-88.27]","3 068 224 [2 935 642-3 235 651]","1 665 609 [1 591 722-1 754 997]","1 402 615 [1 339 272-1 478 886]"
"Africa"," 2012","92.93 [89.24-97.42]","99.12 [95.17-103.92]","86.43 [82.9-90.64]","3 118 060 [2 995 309-3 265 885]","1 691 692 [1 623 935-1 771 303]","1 426 368 [1 367 985-1 493 958]"
"Africa"," 2011","96.2 [92.74-100.29]","102.52 [98.83-106.9]","89.52 [86.23-93.41]","3 169 324 [3 056 942-3 301 842]","1 718 623 [1 656 064-1 789 357]","1 450 701 [1 396 933-1 511 803]"
"Africa"," 2010","99.69 [96.51-103.46]","106.18 [102.81-110.25]","92.85 [89.82-96.44]","3 221 581 [3 119 829-3 341 705]","1 745 924 [1 689 688-1 810 617]","1 475 657 [1 426 934-1 531 039]"
"Africa"," 2009","103.56 [100.57-107.09]","110.24 [107.02-114.03]","96.52 [93.64-99.91]","3 281 324 [3 187 675-3 391 004]","1 777 427 [1 725 020-1 836 357]","1 503 897 [1 458 555-1 554 662]"
"Africa"," 2008","107.94 [105.05-111.26]","114.8 [111.72-118.42]","100.7 [97.95-103.87]","3 346 634 [3 258 153-3 447 596]","1 811 509 [1 761 991-1 866 259]","1 535 125 [1 492 496-1 581 461]"
"Africa"," 2007","112.64 [109.83-115.82]","119.7 [116.72-123.18]","105.18 [102.51-108.22]","3 411 852 [3 327 618-3 506 621]","1 845 368 [1 798 666-1 896 931]","1 566 484 [1 526 084-1 609 945]"
"Africa"," 2006","117.55 [114.8-120.65]","124.84 [121.87-128.22]","109.87 [107.26-112.83]","3 480 343 [3 399 827-3 570 533]","1 881 385 [1 835 834-1 929 955]","1 598 958 [1 560 138-1 640 178]"
"Africa"," 2005","122.61 [119.94-125.69]","130.04 [127.1-133.43]","114.8 [112.2-117.76]","3 544 643 [3 468 028-3 632 220]","1 913 539 [1 869 611-1 961 537]","1 631 104 [1 593 719-1 671 628]"
"Africa"," 2004","128.02 [125.31-131.12]","135.62 [132.68-139.01]","120.05 [117.41-123.01]","3 613 864 [3 538 601-3 699 728]","1 948 596 [1 905 845-1 995 130]","1 665 268 [1 628 298-1 704 926]"
"Africa"," 2003","133.65 [130.9-136.82]","141.35 [138.39-144.81]","125.53 [122.87-128.6]","3 686 788 [3 612 211-3 772 334]","1 985 046 [1 942 979-2 031 066]","1 701 742 [1 665 154-1 741 543]"
"Africa"," 2002","139.29 [136.47-142.52]","147.09 [144.11-150.6]","131.07 [128.39-134.22]","3 758 772 [3 684 166-3 844 476]","2 020 811 [1 979 195-2 067 056]","1 737 961 [1 701 898-1 777 914]"
"Africa"," 2001","144.83 [142-148.14]","152.74 [149.69-156.3]","136.49 [133.74-139.73]","3 825 531 [3 751 926-3 911 211]","2 054 202 [2 012 553-2 099 744]","1 771 329 [1 735 293-1 811 675]"
"Africa"," 2000","150.1 [147.2-153.48]","158.12 [155.01-161.73]","141.65 [138.88-144.96]","3 882 586 [3 808 686-3 968 365]","2 082 421 [2 040 944-2 128 134]","1 800 165 [1 764 442-1 840 539]"
"Africa"," 1999","154.92 [151.96-158.35]","163.13 [159.92-166.78]","146.31 [143.43-149.64]","3 924 151 [3 850 154-4 009 574]","2 103 654 [2 062 083-2 149 248]","1 820 497 [1 784 352-1 860 962]"
"Africa"," 1998","159.25 [156.23-162.73]","167.54 [164.31-171.3]","150.51 [147.58-153.91]","3 957 157 [3 882 815-4 042 151]","2 119 949 [2 078 369-2 165 653]","1 837 208 [1 800 949-1 877 104]"
"Africa"," 1997","162.84 [159.79-166.41]","171.18 [167.87-174.99]","154.07 [151.05-157.54]","3 983 864 [3 910 257-4 069 412]","2 132 611 [2 091 006-2 178 168]","1 851 253 [1 814 753-1 891 378]"
"Africa"," 1996","165.75 [162.6-169.42]","174.17 [170.8-178.09]","156.9 [153.85-160.46]","3 990 780 [3 916 344-4 076 910]","2 135 611 [2 094 019-2 181 517]","1 855 169 [1 818 945-1 895 309]"
"Africa"," 1995","168.32 [165.14-172.02]","176.77 [173.36-180.75]","159.43 [156.3-163.04]","3 974 985 [3 901 366-4 060 252]","2 126 242 [2 085 146-2 172 252]","1 848 743 [1 812 366-1 888 757]"
"Africa"," 1994","172.42 [169.17-176.15]","180.93 [177.46-184.96]","163.46 [160.24-167.08]","3 998 893 [3 925 152-4 083 635]","2 137 418 [2 096 260-2 183 038]","1 861 475 [1 824 466-1 901 231]"
"Africa"," 1993","172.35 [169.04-176.14]","180.94 [177.34-185.03]","163.3 [160.06-166.98]","3 920 786 [3 846 610-4 005 235]","2 096 798 [2 054 682-2 141 857]","1 823 988 [1 787 640-1 863 508]"
"Africa"," 1992","173.58 [170.18-177.41]","182.24 [178.56-186.33]","164.48 [161.17-168.21]","3 871 851 [3 797 223-3 955 401]","2 070 510 [2 028 481-2 115 134]","1 801 341 [1 764 836-1 840 666]"
"Africa"," 1991","174.98 [171.51-178.83]","183.73 [180.01-187.93]","165.78 [162.4-169.51]","3 826 323 [3 751 265-3 908 553]","2 046 428 [2 004 896-2 091 444]","1 779 895 [1 743 342-1 818 265]"
"Africa"," 1990","176.31 [172.77-180.18]","185.1 [181.31-189.35]","167.08 [163.65-170.86]","3 782 572 [3 707 508-3 864 011]","2 022 557 [1 980 897-2 067 314]","1 760 015 [1 723 624-1 798 487]"
"Americas"," 2021","13.01 [12.34-14.17]","14.26 [13.52-15.54]","11.7 [11.08-12.75]","180 314 [171 010-196 299]","100 993 [95 711-109 963]","79 321 [75 082-86 424]"
"Americas"," 2020","13.42 [12.82-14.42]","14.7 [14.05-15.81]","12.05 [11.5-12.97]","188 007 [179 620-202 030]","105 341 [100 592-113 168]","82 666 [78 828-88 923]"
"Americas"," 2019","13.78 [13.25-14.64]","15.11 [14.54-16.08]","12.37 [11.88-13.17]","196 731 [189 235-208 959]","110 278 [106 032-117 198]","86 453 [82 968-91 904]"
"Americas"," 2018","14.15 [13.69-14.89]","15.52 [15-16.36]","12.7 [12.26-13.38]","204 737 [198 111-215 333]","114 807 [110 957-120 933]","89 930 [86 777-94 664]"
"Americas"," 2017","14.49 [14.08-15.12]","15.87 [15.41-16.61]","13.02 [12.62-13.61]","211 604 [205 669-220 759]","118 548 [115 004-123 917]","93 056 [90 180-97 203]"
"Americas"," 2016","15.02 [14.64-15.57]","16.43 [15.99-17.07]","13.53 [13.15-14.07]","222 271 [216 808-230 445]","124 331 [120 990-129 105]","97 940 [95 229-101 803]"
"Americas"," 2015","14.96 [14.62-15.45]","16.4 [16-16.97]","13.44 [13.1-13.93]","223 667 [218 587-230 948]","125 348 [122 273-129 651]","98 319 [95 784-101 818]"
"Americas"," 2014","15.31 [14.99-15.76]","16.8 [16.42-17.33]","13.74 [13.41-14.2]","229 488 [224 726-236 261]","128 743 [125 798-132 735]","100 745 [98 314-104 053]"
"Americas"," 2013","15.74 [15.44-16.17]","17.27 [16.9-17.78]","14.13 [13.82-14.57]","236 358 [231 810-242 716]","132 586 [129 728-136 392]","103 772 [101 419-106 895]"
"Americas"," 2012","16.21 [15.91-16.61]","17.77 [17.41-18.25]","14.55 [14.24-14.97]","244 444 [239 949-250 466]","137 064 [134 244-140 676]","107 380 [105 022-110 377]"
"Americas"," 2011","16.71 [16.41-17.1]","18.32 [17.95-18.78]","15.01 [14.7-15.41]","252 898 [248 383-258 679]","141 775 [138 897-145 278]","111 123 [108 745-114 007]"
"Americas"," 2010","18.16 [17.8-18.6]","19.82 [19.41-20.34]","16.4 [16.02-16.86]","276 062 [270 643-282 763]","154 117 [150 817-158 060]","121 945 [119 082-125 302]"
"Americas"," 2009","17.75 [17.43-18.13]","19.48 [19.08-19.94]","15.92 [15.58-16.31]","272 322 [267 438-278 096]","152 818 [149 669-156 353]","119 504 [116 923-122 394]"
"Americas"," 2008","18.32 [17.97-18.72]","20.11 [19.7-20.6]","16.44 [16.07-16.85]","283 469 [278 106-289 648]","159 052 [155 728-162 875]","124 417 [121 607-127 498]"
"Americas"," 2007","19.02 [18.64-19.45]","20.87 [20.42-21.4]","17.06 [16.67-17.5]","295 683 [289 894-302 341]","165 927 [162 304-170 067]","129 756 [126 696-133 058]"
"Americas"," 2006","19.86 [19.44-20.32]","21.79 [21.29-22.35]","17.82 [17.39-18.3]","308 746 [302 309-315 935]","173 249 [169 198-177 644]","135 497 [132 170-139 103]"
"Americas"," 2005","20.79 [20.33-21.29]","22.82 [22.27-23.44]","18.65 [18.18-19.17]","322 747 [315 584-330 511]","181 132 [176 732-185 926]","141 615 [137 976-145 490]"
"Americas"," 2004","21.74 [21.24-22.28]","23.86 [23.27-24.52]","19.52 [19.01-20.07]","337 736 [330 020-346 141]","189 465 [184 763-194 633]","148 271 [144 373-152 403]"
"Americas"," 2003","22.75 [22.22-23.32]","24.95 [24.32-25.66]","20.42 [19.88-21.01]","354 980 [346 660-363 933]","199 086 [193 932-204 587]","155 894 [151 649-160 327]"
"Americas"," 2002","23.89 [23.33-24.51]","26.19 [25.5-26.93]","21.47 [20.89-22.09]","374 710 [365 839-384 410]","209 991 [204 417-215 834]","164 719 [160 201-169 437]"
"Americas"," 2001","25.08 [24.48-25.73]","27.48 [26.75-28.27]","22.54 [21.92-23.21]","395 930 [386 436-406 178]","221 765 [215 795-228 023]","174 165 [169 284-179 214]"
"Americas"," 2000","26.33 [25.69-27.01]","28.83 [28.06-29.67]","23.7 [23.04-24.4]","417 822 [407 691-428 674]","233 889 [227 615-240 583]","183 933 [178 739-189 299]"
"Americas"," 1999","27.75 [27.07-28.48]","30.36 [29.54-31.25]","25 [24.31-25.76]","440 500 [429 796-452 084]","246 385 [239 727-253 530]","194 115 [188 710-199 990]"
"Americas"," 1998","29.63 [28.92-30.42]","32.35 [31.48-33.3]","26.77 [26.03-27.57]","470 659 [459 384-483 094]","262 664 [255 567-270 266]","207 995 [202 164-214 164]"
"Americas"," 1997","30.83 [30.07-31.66]","33.66 [32.73-34.66]","27.86 [27.08-28.72]","490 359 [478 340-503 463]","273 622 [266 007-281 605]","216 737 [210 611-223 313]"
"Americas"," 1996","32.45 [31.64-33.32]","35.38 [34.41-36.44]","29.37 [28.54-30.26]","518 333 [505 399-532 129]","288 862 [280 858-297 343]","229 471 [222 935-236 302]"
"Americas"," 1995","34.13 [33.28-35.07]","37.16 [36.14-38.27]","30.94 [30.05-31.89]","547 280 [533 697-562 193]","304 566 [296 191-313 535]","242 714 [235 627-249 977]"
"Americas"," 1994","35.81 [34.92-36.79]","38.94 [37.86-40.12]","32.52 [31.57-33.52]","576 880 [562 578-592 681]","320 665 [311 760-330 238]","256 215 [248 777-264 012]"
"Americas"," 1993","37.55 [36.59-38.6]","40.77 [39.64-42.01]","34.15 [33.17-35.2]","606 790 [591 454-623 668]","336 879 [327 468-346 915]","269 911 [262 068-278 122]"
"Americas"," 1992","39.25 [38.23-40.34]","42.58 [41.39-43.87]","35.73 [34.69-36.84]","637 344 [620 883-655 099]","353 528 [343 500-364 004]","283 816 [275 461-292 524]"
"Americas"," 1991","41.02 [39.94-42.14]","44.5 [43.24-45.83]","37.35 [36.24-38.52]","668 593 [651 002-686 967]","370 765 [360 111-381 638]","297 828 [288 921-307 061]"
"Americas"," 1990","42.8 [41.65-44]","46.35 [45.02-47.76]","39.05 [37.88-40.3]","698 261 [679 458-718 009]","386 677 [375 435-398 306]","311 584 [302 154-321 459]"
"South-East Asia"," 2021","28.64 [26.47-31.18]","29.08 [26.83-31.73]","28.14 [25.92-30.77]","961 206 [888 403-1 046 623]","504 910 [465 712-550 774]","456 296 [420 080-498 677]"
"South-East Asia"," 2020","30.16 [28.17-32.46]","30.53 [28.45-32.94]","29.77 [27.69-32.17]","1 022 022 [954 548-1 100 198]","535 285 [498 804-577 508]","486 737 [452 732-525 999]"
"South-East Asia"," 2019","31.86 [30.05-33.98]","32.18 [30.24-34.38]","31.52 [29.6-33.75]","1 096 381 [1 033 738-1 169 346]","573 515 [538 906-612 771]","522 866 [490 881-559 798]"
"South-East Asia"," 2018","33.7 [32-35.66]","33.88 [32.07-35.89]","33.5 [31.7-35.57]","1 171 776 [1 112 619-1 240 156]","610 733 [578 021-646 695]","561 043 [530 900-595 683]"
"South-East Asia"," 2017","35.61 [34.02-37.43]","35.71 [33.98-37.6]","35.51 [33.79-37.47]","1 253 044 [1 196 947-1 316 952]","651 613 [620 113-686 036]","601 431 [572 196-634 528]"
"South-East Asia"," 2016","37.67 [36.11-39.4]","37.6 [35.93-39.41]","37.72 [35.99-39.6]","1 340 602 [1 285 047-1 401 933]","694 591 [663 564-727 797]","646 011 [616 233-677 946]"
"South-East Asia"," 2015","39.81 [38.23-41.48]","39.57 [37.9-41.35]","40.02 [38.29-41.88]","1 425 785 [1 369 257-1 485 578]","735 877 [704 483-768 490]","689 908 [659 667-721 504]"
"South-East Asia"," 2014","42.08 [40.5-43.76]","41.69 [40.01-43.44]","42.46 [40.71-44.32]","1 530 245 [1 472 778-1 591 409]","787 173 [755 107-819 859]","743 072 [712 069-775 136]"
"South-East Asia"," 2013","44.53 [42.89-46.28]","43.91 [42.21-45.73]","45.11 [43.26-47.02]","1 646 052 [1 585 311-1 710 326]","843 611 [809 982-877 486]","802 441 [768 744-835 435]"
"South-East Asia"," 2012","47.04 [45.31-48.88]","46.26 [44.49-48.14]","47.8 [45.9-49.81]","1 756 187 [1 691 714-1 824 603]","897 827 [862 797-933 353]","858 360 [823 655-893 529]"
"South-East Asia"," 2011","49.71 [47.87-51.71]","48.72 [46.89-50.7]","50.69 [48.71-52.82]","1 869 672 [1 800 850-1 944 243]","953 060 [916 552-990 831]","916 612 [880 225-954 183]"
"South-East Asia"," 2010","52.49 [50.57-54.61]","51.32 [49.43-53.39]","53.67 [51.59-55.92]","1 988 487 [1 915 913-2 068 560]","1 010 973 [973 247-1 050 698]","977 514 [938 908-1 017 358]"
"South-East Asia"," 2009","55.37 [53.35-57.66]","54.18 [52.23-56.42]","56.56 [54.38-58.99]","2 114 325 [2 037 757-2 200 773]","1 075 556 [1 036 083-1 118 622]","1 038 769 [997 909-1 082 081]"
"South-East Asia"," 2008","58.89 [56.79-61.3]","57.58 [55.56-59.9]","60.21 [57.98-62.76]","2 265 504 [2 184 845-2 357 947]","1 151 049 [1 109 816-1 196 388]","1 114 455 [1 072 302-1 160 814]"
"South-East Asia"," 2007","61.04 [58.89-63.49]","59.64 [57.53-61.97]","62.48 [60.17-65.07]","2 364 092 [2 280 874-2 458 473]","1 199 879 [1 156 726-1 245 822]","1 164 213 [1 120 568-1 211 652]"
"South-East Asia"," 2006","64.1 [61.88-66.55]","62.72 [60.55-65.13]","65.5 [63.12-68.09]","2 503 120 [2 416 347-2 598 502]","1 272 510 [1 227 592-1 320 464]","1 230 610 [1 185 109-1 278 229]"
"South-East Asia"," 2005","67.23 [64.95-69.69]","65.59 [63.38-67.98]","68.87 [66.45-71.52]","2 652 179 [2 562 330-2 749 245]","1 345 151 [1 298 567-1 392 627]","1 307 028 [1 260 032-1 355 798]"
"South-East Asia"," 2004","71.24 [68.96-73.74]","69.67 [67.41-72.12]","72.81 [70.38-75.48]","2 832 473 [2 742 465-2 931 365]","1 440 324 [1 392 739-1 489 559]","1 392 149 [1 344 613-1 441 940]"
"South-East Asia"," 2003","73.64 [71.32-76.13]","71.49 [69.2-73.89]","75.84 [73.38-78.51]","2 943 484 [2 851 435-3 042 925]","1 485 443 [1 436 917-1 533 944]","1 458 041 [1 409 595-1 507 854]"
"South-East Asia"," 2002","76.97 [74.64-79.49]","74.76 [72.44-77.28]","79.2 [76.71-81.9]","3 089 822 [2 996 981-3 190 149]","1 560 867 [1 511 161-1 611 595]","1 528 955 [1 479 799-1 579 350]"
"South-East Asia"," 2001","80.37 [78.01-82.93]","78.24 [75.89-80.78]","82.54 [80-85.31]","3 224 068 [3 130 364-3 325 776]","1 632 652 [1 582 961-1 684 197]","1 591 416 [1 541 509-1 643 140]"
"South-East Asia"," 2000","83.83 [81.43-86.43]","81.7 [79.35-84.24]","85.99 [83.46-88.79]","3 347 814 [3 252 558-3 451 320]","1 696 844 [1 646 753-1 747 735]","1 650 970 [1 601 370-1 703 096]"
"South-East Asia"," 1999","87.32 [84.88-89.99]","85.35 [82.96-87.96]","89.32 [86.73-92.18]","3 483 816 [3 387 436-3 590 046]","1 769 945 [1 719 422-1 822 531]","1 713 871 [1 663 104-1 767 111]"
"South-East Asia"," 1998","90.79 [88.34-93.5]","88.37 [85.94-90.99]","93.27 [90.61-96.16]","3 629 160 [3 531 992-3 736 972]","1 834 840 [1 783 621-1 887 810]","1 794 320 [1 742 208-1 848 511]"
"South-East Asia"," 1997","94.28 [91.78-97.05]","91.88 [89.36-94.6]","96.73 [94.02-99.7]","3 766 827 [3 667 118-3 876 855]","1 905 485 [1 852 229-1 960 013]","1 861 342 [1 808 382-1 917 006]"
"South-East Asia"," 1996","97.82 [95.22-100.62]","95.59 [92.95-98.4]","100.1 [97.3-103.17]","3 901 424 [3 798 290-4 012 218]","1 977 656 [1 922 524-2 034 268]","1 923 768 [1 869 545-1 981 461]"
"South-East Asia"," 1995","101.33 [98.69-104.19]","99.18 [96.45-102.08]","103.55 [100.62-106.64]","4 034 182 [3 929 734-4 147 086]","2 046 193 [1 989 864-2 104 797]","1 987 989 [1 931 588-2 046 605]"
"South-East Asia"," 1994","104.8 [102.07-107.69]","102.84 [100.05-105.83]","106.77 [103.83-109.91]","4 159 352 [4 051 989-4 272 793]","2 112 747 [2 054 730-2 172 845]","2 046 605 [1 989 537-2 105 323]"
"South-East Asia"," 1993","108.22 [105.41-111.1]","106.56 [103.68-109.59]","109.91 [106.86-113.11]","4 285 571 [4 175 336-4 398 181]","2 181 718 [2 122 712-2 242 606]","2 103 853 [2 045 075-2 163 912]"
"South-East Asia"," 1992","111.71 [108.82-114.67]","110.33 [107.34-113.39]","113.11 [109.99-116.4]","4 420 105 [4 306 972-4 536 055]","2 255 435 [2 194 613-2 316 665]","2 164 670 [2 105 010-2 226 433]"
"South-East Asia"," 1991","115.31 [112.36-118.36]","114.12 [111.03-117.27]","116.58 [113.36-119.9]","4 549 933 [4 434 660-4 669 098]","2 324 026 [2 261 461-2 387 687]","2 225 907 [2 164 918-2 288 844]"
"South-East Asia"," 1990","119.12 [116.07-122.28]","117.98 [114.79-121.21]","120.31 [116.99-123.78]","4 690 174 [4 571 616-4 813 645]","2 396 131 [2 331 699-2 460 713]","2 294 043 [2 231 063-2 358 994]"
"Europe"," 2021","7.53 [7.1-8.28]","8.31 [7.83-9.15]","6.71 [6.33-7.37]","78 523 [74 117-86 241]","44 548 [42 011-49 029]","33 975 [32 087-37 307]"
"Europe"," 2020","7.82 [7.41-8.48]","8.63 [8.17-9.38]","6.97 [6.6-7.56]","82 658 [78 338-89 553]","46 889 [44 407-50 911]","35 769 [33 901-38 763]"
"Europe"," 2019","8.08 [7.69-8.67]","8.92 [8.47-9.58]","7.2 [6.85-7.72]","87 193 [83 018-93 412]","49 471 [47 067-53 123]","37 722 [35 939-40 438]"
"Europe"," 2018","8.34 [7.98-8.84]","9.19 [8.78-9.76]","7.44 [7.12-7.89]","92 032 [88 081-97 577]","52 157 [49 891-55 386]","39 875 [38 191-42 289]"
"Europe"," 2017","8.62 [8.29-9.04]","9.5 [9.12-9.99]","7.69 [7.39-8.08]","97 785 [94 085-102 610]","55 429 [53 303-58 295]","42 356 [40 752-44 521]"
"Europe"," 2016","9. [8.69-9.37]","9.92 [9.57-10.34]","8.03 [7.75-8.37]","103 955 [100 403-108 249]","58 951 [56 915-61 489]","45 004 [43 488-46 937]"
"Europe"," 2015","9.45 [9.16-9.79]","10.44 [10.1-10.83]","8.43 [8.16-8.74]","109 106 [105 695-112 980]","61 948 [60 010-64 314]","47 158 [45 692-48 929]"
"Europe"," 2014","9.89 [9.59-10.21]","10.92 [10.58-11.29]","8.81 [8.54-9.11]","113 506 [110 118-117 129]","64 457 [62 503-66 660]","49 049 [47 579-50 719]"
"Europe"," 2013","10.33 [10.01-10.66]","11.4 [11.03-11.78]","9.2 [8.91-9.51]","117 785 [114 219-121 502]","66 857 [64 786-69 108]","50 928 [49 388-52 625]"
"Europe"," 2012","10.71 [10.37-11.06]","11.81 [11.41-12.22]","9.55 [9.25-9.88]","122 173 [118 318-126 215]","69 294 [67 038-71 725]","52 879 [51 232-54 734]"
"Europe"," 2011","11.18 [10.8-11.58]","12.34 [11.9-12.8]","9.96 [9.62-10.32]","126 947 [122 652-131 432]","72 050 [69 549-74 771]","54 897 [53 067-56 917]"
"Europe"," 2010","11.67 [11.25-12.12]","12.89 [12.41-13.41]","10.4 [10.02-10.81]","132 630 [127 845-137 651]","75 299 [72 536-78 330]","57 331 [55 305-59 608]"
"Europe"," 2009","12.29 [11.82-12.79]","13.58 [13.06-14.16]","10.94 [10.53-11.4]","138 130 [132 937-143 708]","78 434 [75 494-81 788]","59 696 [57 492-62 222]"
"Europe"," 2008","12.92 [12.42-13.47]","14.27 [13.7-14.91]","11.5 [11.06-12.02]","142 568 [137 157-148 608]","80 935 [77 790-84 555]","61 633 [59 320-64 399]"
"Europe"," 2007","13.69 [13.16-14.3]","15.12 [14.53-15.82]","12.19 [11.72-12.74]","146 919 [141 306-153 342]","83 393 [80 187-87 210]","63 526 [61 125-66 393]"
"Europe"," 2006","14.5 [13.96-15.15]","16.01 [15.39-16.74]","12.92 [12.43-13.51]","152 619 [146 939-159 335]","86 588 [83 339-90 537]","66 031 [63 571-69 022]"
"Europe"," 2005","15.4 [14.84-16.08]","17. [16.37-17.76]","13.72 [13.22-14.33]","160 066 [154 330-167 101]","90 839 [87 545-94 956]","69 227 [66 721-72 351]"
"Europe"," 2004","16.34 [15.77-17.03]","18.01 [17.38-18.79]","14.58 [14.06-15.21]","168 541 [162 715-175 699]","95 539 [92 216-99 708]","73 002 [70 436-76 213]"
"Europe"," 2003","17.41 [16.83-18.11]","19.17 [18.53-19.96]","15.55 [15.03-16.2]","178 318 [172 425-185 599]","100 960 [97 608-105 238]","77 358 [74 775-80 634]"
"Europe"," 2002","18.67 [18.07-19.41]","20.55 [19.88-21.37]","16.7 [16.15-17.38]","191 071 [184 952-198 598]","108 090 [104 625-112 470]","82 981 [80 256-86 393]"
"Europe"," 2001","19.96 [19.35-20.71]","21.95 [21.27-22.78]","17.87 [17.3-18.56]","204 729 [198 517-212 405]","115 781 [112 256-120 225]","88 948 [86 162-92 446]"
"Europe"," 2000","21.14 [20.52-21.89]","23.2 [22.51-24.04]","18.98 [18.39-19.69]","219 022 [212 540-226 817]","123 604 [119 979-128 129]","95 418 [92 484-99 058]"
"Europe"," 1999","22.61 [21.96-23.39]","24.77 [24.04-25.62]","20.35 [19.73-21.09]","236 313 [229 556-244 419]","133 101 [129 231-137 772]","103 212 [100 122-107 005]"
"Europe"," 1998","24.04 [23.36-24.84]","26.3 [25.54-27.2]","21.66 [21.02-22.43]","255 126 [247 989-263 673]","143 511 [139 455-148 522]","111 615 [108 356-115 652]"
"Europe"," 1997","25.38 [24.69-26.21]","27.75 [26.97-28.67]","22.89 [22.22-23.69]","274 075 [266 681-283 040]","154 044 [149 860-159 261]","120 031 [116 579-124 277]"
"Europe"," 1996","26.7 [25.99-27.56]","29.17 [28.39-30.12]","24.11 [23.43-24.93]","292 872 [285 138-302 157]","164 489 [160 199-169 853]","128 383 [124 828-132 733]"
"Europe"," 1995","27.9 [27.18-28.76]","30.47 [29.67-31.44]","25.2 [24.49-26.03]","311 009 [303 139-320 428]","174 548 [170 118-180 075]","136 461 [132 751-140 931]"
"Europe"," 1994","28.72 [28.-29.59]","31.35 [30.54-32.32]","25.96 [25.25-26.8]","328 590 [320 480-338 418]","184 280 [179 703-189 961]","144 310 [140 457-148 932]"
"Europe"," 1993","29.35 [28.62-30.23]","32.01 [31.19-32.99]","26.56 [25.84-27.4]","345 826 [337 435-355 960]","193 769 [189 017-199 641]","152 057 [148 080-156 813]"
"Europe"," 1992","29.78 [29.06-30.67]","32.5 [31.68-33.49]","26.93 [26.22-27.77]","363 623 [354 998-374 233]","203 893 [198 931-210 055]","159 730 [155 673-164 718]"
"Europe"," 1991","30.22 [29.48-31.1]","32.98 [32.15-33.96]","27.32 [26.6-28.17]","379 342 [370 216-390 196]","212 703 [207 525-219 009]","166 639 [162 352-171 754]"
"Europe"," 1990","30.78 [30.05-31.66]","33.58 [32.75-34.56]","27.84 [27.11-28.69]","395 765 [386 464-406 796]","221 807 [216 492-228 226]","173 958 [169 526-179 256]"
"Eastern Mediterranean"," 2021","45.22 [39.73-55.24]","48.28 [42.4-58.93]","41.98 [36.82-51.43]","830 604 [730 513-1 010 440]","454 700 [399 760-552 778]","375 904 [329 862-458 264]"
"Eastern Mediterranean"," 2020","46.22 [41.15-55.18]","49.33 [43.89-58.86]","42.95 [38.2-51.46]","848 261 [756 174-1 008 318]","464 065 [413 612-551 153]","384 196 [342 118-458 030]"
"Eastern Mediterranean"," 2019","47.4 [42.78-55.42]","50.54 [45.63-59.13]","44.11 [39.77-51.69]","870 077 [786 073-1 013 099]","475 431 [429 565-554 435]","394 646 [356 223-461 144]"
"Eastern Mediterranean"," 2018","48.38 [44.18-55.67]","51.51 [47.06-59.24]","45.08 [41.13-51.93]","892 476 [815 795-1 022 370]","487 096 [445 563-558 003]","405 380 [370 223-465 629]"
"Eastern Mediterranean"," 2017","49.4 [45.62-56.03]","52.58 [48.51-59.54]","46.11 [42.48-52.37]","912 977 [843 772-1 030 776]","497 880 [459 925-562 291]","415 097 [382 941-469 907]"
"Eastern Mediterranean"," 2016","50.99 [47.45-57.]","54.2 [50.37-60.56]","47.62 [44.22-53.34]","946 174 [881 504-1 053 653]","515 426 [479 586-574 043]","430 748 [400 411-480 652]"
"Eastern Mediterranean"," 2015","52.25 [48.97-57.74]","55.48 [51.89-61.24]","48.87 [45.7-54.05]","975 482 [915 097-1 074 222]","530 982 [497 249-584 321]","444 500 [416 086-490 181]"
"Eastern Mediterranean"," 2014","53.91 [50.82-58.82]","57.21 [53.85-62.42]","50.45 [47.44-55.18]","1 002 728 [946 053-1 090 998]","545 805 [514 064-593 932]","456 923 [430 070-498 378]"
"Eastern Mediterranean"," 2013","55.67 [52.69-60.14]","59.01 [55.79-63.78]","52.17 [49.27-56.58]","1 022 749 [968 640-1 103 457]","556 353 [526 435-600 411]","466 396 [440 873-504 758]"
"Eastern Mediterranean"," 2012","57.28 [54.39-61.51]","60.65 [57.52-65.11]","53.73 [50.91-57.86]","1 032 819 [981 534-1 107 449]","561 605 [532 883-601 939]","471 214 [446 828-506 476]"
"Eastern Mediterranean"," 2011","58.55 [55.76-62.53]","61.95 [58.96-66.16]","54.97 [52.27-58.81]","1 034 131 [985 820-1 102 368]","562 223 [535 474-599 473]","471 908 [449 045-504 073]"
"Eastern Mediterranean"," 2010","60.35 [57.7-64.1]","63.84 [60.94-67.86]","56.67 [54.1-60.32]","1 041 485 [996 343-1 104 301]","566 449 [541 210-600 863]","475 036 [453 777-504 756]"
"Eastern Mediterranean"," 2009","62.28 [59.77-65.76]","65.84 [63.1-69.58]","58.52 [56.04-61.89]","1 049 406 [1 007 915-1 106 190]","570 718 [547 352-602 190]","478 688 [458 748-505 470]"
"Eastern Mediterranean"," 2008","64.21 [61.84-67.45]","67.86 [65.27-71.3]","60.4 [58.02-63.6]","1 061 809 [1 023 424-1 113 992]","577 207 [555 873-605 964]","484 602 [465 980-509 671]"
"Eastern Mediterranean"," 2007","66.37 [64.11-69.37]","70.07 [67.59-73.27]","62.5 [60.24-65.5]","1 073 086 [1 037 291-1 120 008]","582 739 [562 709-608 890]","490 347 [473 134-513 215]"
"Eastern Mediterranean"," 2006","68.37 [66.17-71.23]","72.07 [69.65-75.18]","64.48 [62.28-67.33]","1 081 432 [1 047 380-1 125 137]","586 625 [567 451-611 455]","494 807 [478 330-516 235]"
"Eastern Mediterranean"," 2005","70.42 [68.24-73.18]","74.16 [71.77-77.14]","66.48 [64.3-69.26]","1 096 940 [1 063 626-1 138 489]","594 534 [575 798-617 876]","502 406 [486 256-522 804]"
"Eastern Mediterranean"," 2004","72.47 [70.27-75.17]","76.18 [73.81-79.13]","68.55 [66.37-71.31]","1 115 369 [1 082 348-1 155 522]","603 491 [585 026-626 222]","511 878 [495 909-531 840]"
"Eastern Mediterranean"," 2003","74.45 [72.23-77.13]","78.13 [75.72-81.05]","70.55 [68.34-73.27]","1 132 574 [1 099 415-1 171 994]","612 037 [593 577-634 254]","520 537 [504 449-540 085]"
"Eastern Mediterranean"," 2002","76.49 [74.29-79.18]","80.17 [77.77-83.09]","72.63 [70.42-75.36]","1 149 574 [1 117 147-1 188 570]","620 518 [602 497-642 516]","529 056 [513 307-548 331]"
"Eastern Mediterranean"," 2001","78.73 [76.53-81.43]","82.4 [80.02-85.32]","74.87 [72.67-77.56]","1 168 165 [1 136 400-1 206 817]","629 798 [612 241-651 681]","538 367 [522 898-557 180]"
"Eastern Mediterranean"," 2000","81.14 [78.95-83.85]","84.75 [82.36-87.67]","77.34 [75.13-80.04]","1 189 294 [1 158 120-1 227 521]","639 980 [622 188-661 398]","549 314 [534 036-568 052]"
"Eastern Mediterranean"," 1999","83.59 [81.39-86.3]","87.18 [84.71-90.06]","79.81 [77.62-82.58]","1 212 117 [1 180 906-1 250 092]","651 150 [633 266-672 196]","560 967 [545 926-579 921]"
"Eastern Mediterranean"," 1998","86.08 [83.86-88.74]","89.58 [87.13-92.49]","82.38 [80.18-85.12]","1 235 553 [1 204 505-1 272 569]","662 240 [644 475-683 118]","573 313 [558 241-591 872]"
"Eastern Mediterranean"," 1997","88.59 [86.37-91.24]","92.01 [89.55-94.92]","84.99 [82.75-87.72]","1 261 751 [1 230 667-1 298 228]","674 812 [657 223-695 690]","586 939 [571 820-605 219]"
"Eastern Mediterranean"," 1996","91. [88.78-93.67]","94.33 [91.9-97.24]","87.48 [85.24-90.25]","1 290 986 [1 260 157-1 327 609]","689 026 [671 631-709 830]","601 960 [586 767-620 638]"
"Eastern Mediterranean"," 1995","93.19 [90.95-95.88]","96.39 [93.96-99.3]","89.8 [87.47-92.58]","1 321 399 [1 290 175-1 358 753]","703 744 [686 320-724 491]","617 655 [601 947-636 468]"
"Eastern Mediterranean"," 1994","95.12 [92.9-97.82]","98.24 [95.82-101.14]","91.82 [89.48-94.65]","1 349 520 [1 318 261-1 387 242]","717 324 [699 874-738 235]","632 196 [616 353-651 482]"
"Eastern Mediterranean"," 1993","96.87 [94.66-99.52]","99.92 [97.52-102.81]","93.65 [91.34-96.46]","1 377 570 [1 346 448-1 415 360]","730 856 [713 487-751 901]","646 714 [630 865-666 014]"
"Eastern Mediterranean"," 1992","99.17 [96.95-101.86]","102.2 [99.74-105.09]","96.01 [93.66-98.83]","1 407 363 [1 376 089-1 445 121]","745 546 [727 977-766 690]","661 817 [645 873-681 239]"
"Eastern Mediterranean"," 1991","101.76 [99.51-104.4]","104.79 [102.31-107.72]","98.55 [96.2-101.36]","1 435 482 [1 404 284-1 472 258]","759 794 [742 057-780 643]","675 688 [659 726-694 721]"
"Eastern Mediterranean"," 1990","104.4 [102.11-107.02]","107.46 [104.91-110.35]","101.17 [98.76-103.94]","1 461 753 [1 430 180-1 497 863]","772 849 [754 749-793 220]","688 904 [672 719-707 483]"
"Western Pacific"," 2021","11.57 [10.41-13.29]","12.59 [11.32-14.43]","10.49 [9.41-12.08]","218 643 [197 652-249 693]","124 556 [112 672-142 463]","94 087 [84 880-108 067]"
"Western Pacific"," 2020","11.71 [10.7-13.1]","12.72 [11.61-14.23]","10.65 [9.69-11.97]","240 858 [220 821-268 409]","137 209 [125 893-153 326]","103 649 [94 877-116 291]"
"Western Pacific"," 2019","11.79 [10.92-12.94]","12.76 [11.81-14.03]","10.76 [9.93-11.85]","263 124 [244 077-288 388]","149 802 [139 219-164 596]","113 322 [104 976-124 878]"
"Western Pacific"," 2018","12.12 [11.35-13.12]","13.08 [12.23-14.18]","11.08 [10.33-12.04]","288 573 [270 596-311 953]","164 236 [154 025-178 217]","124 337 [116 204-135 145]"
"Western Pacific"," 2017","12.33 [11.65-13.19]","13.29 [12.53-14.27]","11.29 [10.62-12.14]","312 879 [295 623-334 651]","178 313 [168 443-191 688]","134 566 [126 803-144 942]"
"Western Pacific"," 2016","12.95 [12.3-13.75]","13.98 [13.24-14.88]","11.86 [11.2-12.65]","326 019 [309 572-346 139]","186 106 [176 695-198 575]","139 913 [132 505-149 618]"
"Western Pacific"," 2015","13.67 [13.03-14.44]","14.73 [14.01-15.6]","12.53 [11.88-13.3]","344 760 [328 543-364 000]","196 752 [187 553-208 774]","148 008 [140 625-157 344]"
"Western Pacific"," 2014","14.28 [13.66-15.01]","15.39 [14.68-16.22]","13.11 [12.46-13.84]","366 550 [350 555-385 127]","209 425 [200 269-221 329]","157 125 [149 723-166 332]"
"Western Pacific"," 2013","15.06 [14.43-15.76]","16.23 [15.5-17.05]","13.83 [13.16-14.55]","387 694 [371 408-405 632]","221 722 [212 360-233 640]","165 972 [158 325-175 152]"
"Western Pacific"," 2012","15.83 [15.17-16.54]","17.04 [16.28-17.87]","14.53 [13.83-15.26]","405 265 [388 558-423 427]","231 976 [222 247-243 865]","173 289 [165 405-182 462]"
"Western Pacific"," 2011","16.82 [16.15-17.55]","18.11 [17.33-18.98]","15.44 [14.74-16.2]","419 882 [403 205-438 034]","240 461 [230 694-252 563]","179 421 [171 737-188 712]"
"Western Pacific"," 2010","17.82 [17.1-18.6]","19.18 [18.33-20.09]","16.37 [15.62-17.18]","445 447 [427 573-464 886]","255 143 [244 565-267 951]","190 304 [182 131-200 265]"
"Western Pacific"," 2009","18.9 [18.13-19.73]","20.34 [19.42-21.3]","17.37 [16.57-18.22]","469 723 [450 706-490 212]","269 117 [257 752-282 659]","200 606 [191 991-211 034]"
"Western Pacific"," 2008","20.09 [19.23-20.97]","21.6 [20.61-22.65]","18.47 [17.6-19.37]","491 078 [470 269-512 517]","281 286 [269 083-295 549]","209 792 [200 497-220 583]"
"Western Pacific"," 2007","21.44 [20.5-22.38]","23.04 [21.96-24.15]","19.73 [18.79-20.71]","514 156 [491 733-536 551]","294 252 [281 275-309 108]","219 904 [209 927-231 386]"
"Western Pacific"," 2006","22.97 [21.95-23.96]","24.66 [23.5-25.84]","21.15 [20.14-22.21]","542 671 [518 746-566 064]","310 335 [296 515-325 888]","232 336 [221 738-244 497]"
"Western Pacific"," 2005","24.65 [23.57-25.74]","26.45 [25.22-27.72]","22.73 [21.66-23.85]","577 662 [552 250-603 172]","329 965 [315 383-346 610]","247 697 [236 621-260 551]"
"Western Pacific"," 2004","26.5 [25.38-27.66]","28.41 [27.13-29.78]","24.46 [23.33-25.68]","617 487 [591 502-644 574]","352 227 [337 250-370 156]","265 260 [253 714-279 171]"
"Western Pacific"," 2003","28.5 [27.32-29.79]","30.48 [29.13-31.98]","26.38 [25.16-27.74]","663 575 [636 131-693 371]","377 499 [361 617-396 828]","286 076 [273 507-301 510]"
"Western Pacific"," 2002","30.6 [29.34-32.01]","32.7 [31.21-34.33]","28.37 [27.06-29.84]","717 873 [688 453-750 952]","407 652 [390 187-429 162]","310 221 [296 663-327 132]"
"Western Pacific"," 2001","32.7 [31.37-34.23]","34.91 [33.34-36.68]","30.35 [28.96-31.96]","784 719 [752 672-821 340]","445 016 [425 895-468 759]","339 703 [324 877-358 620]"
"Western Pacific"," 2000","34.85 [33.42-36.49]","37.11 [35.41-39.02]","32.44 [30.92-34.18]","843 085 [808 533-882 715]","476 770 [456 073-502 271]","366 315 [349 899-386 588]"
"Western Pacific"," 1999","36.86 [35.34-38.57]","39.23 [37.43-41.26]","34.32 [32.71-36.14]","890 591 [853 972-931 834]","502 814 [480 836-529 764]","387 777 [370 425-409 176]"
"Western Pacific"," 1998","38.77 [37.13-40.55]","41.2 [39.25-43.29]","36.18 [34.44-38.09]","957 283 [916 878-1 001 360]","538 969 [514 500-567 362]","418 314 [399 138-441 326]"
"Western Pacific"," 1997","40.66 [38.9-42.55]","43.17 [41.1-45.38]","37.96 [36.08-40.01]","1 031 187 [986 395-1 079 129]","579 550 [552 450-609 982]","451 637 [429 984-476 528]"
"Western Pacific"," 1996","42.51 [40.66-44.47]","45.05 [42.84-47.41]","39.77 [37.78-41.9]","1 111 990 [1 063 555-1 163 372]","623 175 [593 610-656 703]","488 815 [464 941-515 570]"
"Western Pacific"," 1995","44.31 [42.4-46.38]","46.96 [44.63-49.44]","41.52 [39.43-43.75]","1 199 745 [1 148 130-1 255 987]","670 791 [638 705-707 432]","528 954 [503 365-558 533]"
"Western Pacific"," 1994","46.04 [44.02-48.2]","48.7 [46.29-51.26]","43.2 [40.97-45.62]","1 292 889 [1 235 868-1 353 871]","720 244 [685 491-759 328]","572 645 [543 642-605 451]"
"Western Pacific"," 1993","47.73 [45.52-50.15]","50.47 [47.91-53.25]","44.83 [42.44-47.39]","1 388 512 [1 323 935-1 459 127]","771 440 [733 265-815 503]","617 072 [584 716-653 449]"
"Western Pacific"," 1992","49.18 [46.72-51.95]","51.92 [49.08-55.1]","46.3 [43.65-49.23]","1 496 446 [1 420 626-1 581 099]","828 197 [783 871-880 857]","668 249 [630 713-711 419]"
"Western Pacific"," 1991","50.48 [47.67-53.69]","53.19 [49.99-56.84]","47.59 [44.65-50.93]","1 682 214 [1 587 562-1 789 919]","928 733 [873 358-994 057]","753 481 [707 233-807 439]"
"Western Pacific"," 1990","51.77 [48.53-55.48]","54.46 [50.8-58.61]","48.91 [45.58-52.74]","1 798 965 [1 687 287-1 926 609]","991 318 [926 027-1 067 479]","807 647 [753 586-871 509]"
