"","","Infant mortality rate (between birth and 11 months per 1000 live births)","Infant mortality rate (between birth and 11 months per 1000 live births)","Infant mortality rate (between birth and 11 months per 1000 live births)","Number of infant deaths (between birth and 11 months)","Number of infant deaths (between birth and 11 months)","Number of infant deaths (between birth and 11 months)"
"WHO region","Year"," Both sexes"," Male"," Female"," Both sexes"," Male"," Female"
"Global"," 2021","28.42 [27.16-30.74]","30.57 [29.19-33.09]","26.12 [24.95-28.26]","3 759 949 [3 594 348-4 057 912]","2 078 669 [1 985 151-2 244 225]","1 681 280 [1 605 461-1 815 331]"
"Global"," 2020","28.9 [27.71-30.93]","31.04 [29.77-33.25]","26.61 [25.5-28.51]","3 864 932 [3 708 525-4 128 967]","2 134 975 [2 047 451-2 282 460]","1 729 957 [1 657 820-1 849 889]"
"Global"," 2019","29.2 [28.14-30.95]","31.3 [30.15-33.23]","26.95 [25.95-28.61]","3 984 711 [3 841 640-4 218 638]","2 198 915 [2 117 673-2 329 809]","1 785 796 [1 719 427-1 892 419]"
"Global"," 2018","29.74 [28.78-31.28]","31.83 [30.78-33.52]","27.51 [26.6-28.98]","4 105 021 [3 974 619-4 312 786]","2 262 810 [2 188 866-2 379 624]","1 842 211 [1 781 621-1 937 962]"
"Global"," 2017","30.02 [29.16-31.37]","32.06 [31.1-33.52]","27.83 [26.99-29.12]","4 231 234 [4 111 910-4 416 034]","2 330 476 [2 261 365-2 433 286]","1 900 758 [1 843 884-1 986 236]"
"Global"," 2016","30.86 [30.06-32.05]","32.91 [32.03-34.22]","28.66 [27.88-29.8]","4 359 404 [4 248 189-4 522 595]","2 398 733 [2 334 578-2 491 075]","1 960 671 [1 906 794-2 036 269]"
"Global"," 2015","31.8 [31.05-32.87]","33.88 [33.06-35.06]","29.56 [28.83-30.6]","4 477 903 [4 373 974-4 625 690]","2 462 551 [2 403 039-2 545 698]","2 015 352 [1 965 456-2 084 358]"
"Global"," 2014","32.53 [31.83-33.49]","34.62 [33.85-35.66]","30.28 [29.59-31.21]","4 618 777 [4 520 767-4 751 879]","2 538 199 [2 482 033-2 611 794]","2 080 578 [2 033 565-2 142 697]"
"Global"," 2013","33.67 [33-34.53]","35.78 [35.04-36.72]","31.39 [30.74-32.24]","4 766 895 [4 673 577-4 885 803]","2 617 301 [2 563 020-2 683 367]","2 149 594 [2 104 535-2 205 699]"
"Global"," 2012","34.56 [33.93-35.34]","36.67 [35.97-37.54]","32.27 [31.65-33.06]","4 901 729 [4 813 717-5 010 552]","2 689 282 [2 637 430-2 750 446]","2 212 447 [2 169 481-2 264 207]"
"Global"," 2011","35.95 [35.34-36.69]","38.11 [37.44-38.94]","33.61 [33-34.36]","5 029 918 [4 945 823-5 131 100]","2 757 053 [2 708 144-2 814 636]","2 272 865 [2 230 728-2 321 700]"
"Global"," 2010","37.15 [36.56-37.87]","39.33 [38.69-40.12]","34.78 [34.2-35.51]","5 178 775 [5 098 582-5 278 054]","2 836 346 [2 789 623-2 891 362]","2 342 429 [2 302 848-2 389 871]"
"Global"," 2009","38.34 [37.77-39.04]","40.61 [39.99-41.38]","35.89 [35.33-36.59]","5 320 441 [5 242 434-5 416 283]","2 915 643 [2 870 678-2 969 288]","2 404 798 [2 366 886-2 450 755]"
"Global"," 2008","39.76 [39.21-40.45]","42.08 [41.48-42.84]","37.26 [36.7-37.95]","5 474 418 [5 399 236-5 567 294]","2 997 428 [2 954 285-3 049 471]","2 476 990 [2 439 782-2 521 775]"
"Global"," 2007","41.26 [40.71-41.93]","43.65 [43.05-44.38]","38.68 [38.13-39.36]","5 610 703 [5 536 959-5 700 815]","3 070 425 [3 027 961-3 120 967]","2 540 278 [2 503 552-2 583 647]"
"Global"," 2006","42.89 [42.34-43.54]","45.37 [44.76-46.09]","40.22 [39.66-40.89]","5 772 171 [5 697 684-5 859 069]","3 159 043 [3 116 336-3 207 849]","2 613 128 [2 576 194-2 655 567]"
"Global"," 2005","44.59 [44.03-45.26]","47.08 [46.46-47.8]","41.9 [41.33-42.58]","5 955 029 [5 881 072-6 043 113]","3 253 581 [3 210 535-3 302 019]","2 701 448 [2 664 703-2 744 411]"
"Global"," 2004","46.38 [45.81-47.05]","48.98 [48.36-49.71]","43.59 [43.01-44.27]","6 160 522 [6 085 769-6 248 188]","3 366 291 [3 323 489-3 415 386]","2 794 231 [2 757 373-2 837 761]"
"Global"," 2003","48.11 [47.54-48.79]","50.62 [50-51.37]","45.39 [44.82-46.11]","6 350 931 [6 276 312-6 439 429]","3 457 975 [3 414 981-3 507 622]","2 892 956 [2 855 828-2 937 424]"
"Global"," 2002","49.87 [49.28-50.57]","52.48 [51.82-53.26]","47.07 [46.46-47.8]","6 564 998 [6 488 254-6 655 671]","3 574 985 [3 530 139-3 626 930]","2 990 013 [2 951 340-3 036 058]"
"Global"," 2001","51.59 [50.99-52.31]","54.34 [53.66-55.13]","48.64 [48.02-49.4]","6 775 541 [6 697 250-6 868 470]","3 693 803 [3 648 771-3 747 024]","3 081 738 [3 042 167-3 128 873]"
"Global"," 2000","53.12 [52.51-53.84]","55.97 [55.29-56.77]","50.05 [49.43-50.8]","6 959 187 [6 880 417-7 053 358]","3 796 732 [3 751 132-3 849 921]","3 162 455 [3 123 444-3 209 330]"
"Global"," 1999","54.97 [54.36-55.72]","58.03 [57.34-58.86]","51.7 [51.07-52.47]","7 134 648 [7 055 103-7 229 876]","3 897 611 [3 851 852-3 953 269]","3 237 037 [3 197 624-3 284 596]"
"Global"," 1998","56.53 [55.9-57.29]","59.56 [58.85-60.4]","53.29 [52.64-54.09]","7 341 709 [7 260 289-7 439 096]","4 002 291 [3 954 865-4 058 424]","3 339 418 [3 299 081-3 388 663]"
"Global"," 1997","58.02 [57.36-58.78]","61.15 [60.42-62.02]","54.66 [54-55.49]","7 549 825 [7 465 194-7 648 615]","4 116 670 [4 067 919-4 174 766]","3 433 155 [3 391 783-3 484 368]"
"Global"," 1996","59.38 [58.71-60.16]","62.64 [61.86-63.55]","55.88 [55.19-56.74]","7 755 059 [7 668 416-7 856 067]","4 231 905 [4 179 613-4 292 424]","3 523 154 [3 479 992-3 576 180]"
"Global"," 1995","60.63 [59.95-61.43]","63.98 [63.17-64.91]","57.05 [56.34-57.93]","7 944 085 [7 856 361-8 048 380]","4 334 805 [4 281 130-4 397 624]","3 609 280 [3 564 967-3 664 307]"
"Global"," 1994","61.88 [61.18-62.69]","65.34 [64.5-66.28]","58.2 [57.45-59.07]","8 139 218 [8 047 564-8 244 487]","4 440 999 [4 384 546-4 504 368]","3 698 219 [3 651 331-3 753 422]"
"Global"," 1993","62.74 [62.02-63.56]","66.33 [65.48-67.31]","58.92 [58.13-59.82]","8 295 159 [8 200 585-8 402 871]","4 528 655 [4 471 180-4 595 150]","3 766 504 [3 716 587-3 823 655]"
"Global"," 1992","63.62 [62.86-64.49]","67.32 [66.41-68.33]","59.68 [58.86-60.65]","8 490 090 [8 389 300-8 604 812]","4 637 078 [4 575 113-4 706 645]","3 853 012 [3 800 306-3 915 574]"
"Global"," 1991","64.39 [63.59-65.3]","68.2 [67.24-69.26]","60.36 [59.49-61.36]","8 764 311 [8 651 365-8 890 752]","4 788 411 [4 720 707-4 866 248]","3 975 900 [3 918 208-4 044 279]"
"Global"," 1990","64.57 [63.67-65.62]","68.36 [67.31-69.55]","60.55 [59.61-61.68]","8 989 186 [8 865 848-9 132 274]","4 908 969 [4 834 689-4 993 752]","4 080 217 [4 018 075-4 156 247]"
"Africa"," 2021","49.22 [45.2-55.64]","53.93 [49.56-60.94]","44.24 [40.55-50.17]","1 916 163 [1 760 722-2 161 062]","1 067 678 [980 857-1 202 461]","848 485 [777 376-959 259]"
"Africa"," 2020","50.37 [46.61-56.26]","55.17 [51.02-61.64]","45.32 [41.84-50.67]","1 933 841 [1 790 415-2 155 497]","1 076 877 [995 459-1 199 709]","856 964 [790 961-955 472]"
"Africa"," 2019","51.53 [48.03-56.82]","56.4 [52.54-62.31]","46.37 [43.14-51.22]","1 950 379 [1 819 459-2 147 570]","1 085 664 [1 010 722-1 196 109]","864 715 [804 018-952 642]"
"Africa"," 2018","52.76 [49.51-57.52]","57.75 [54.12-63]","47.54 [44.52-51.89]","1 965 388 [1 845 901-2 140 139]","1 093 335 [1 024 747-1 190 482]","872 053 [816 835-950 218]"
"Africa"," 2017","54.12 [51.03-58.43]","59.2 [55.81-63.98]","48.76 [45.92-52.72]","1 983 770 [1 871 794-2 138 895]","1 103 262 [1 039 777-1 189 261]","880 508 [829 003-949 969]"
"Africa"," 2016","55.43 [52.56-59.27]","60.6 [57.47-64.88]","49.95 [47.3-53.47]","2 001 044 [1 898 719-2 137 648]","1 112 309 [1 054 140-1 187 807]","888 735 [840 796-949 296]"
"Africa"," 2015","56.68 [54.02-60.09]","62.03 [59.12-65.85]","51.12 [48.64-54.26]","2 017 433 [1 924 120-2 137 235]","1 121 342 [1 068 985-1 188 784]","896 091 [852 726-950 087]"
"Africa"," 2014","58 [55.57-61.02]","63.45 [60.73-66.84]","52.28 [49.99-55.07]","2 033 743 [1 949 695-2 138 039]","1 130 475 [1 081 796-1 188 859]","903 268 [863 559-950 063]"
"Africa"," 2013","59.38 [57.12-62.1]","64.96 [62.43-67.99]","53.49 [51.39-56.03]","2 052 630 [1 975 328-2 144 787]","1 141 378 [1 096 230-1 192 288]","911 252 [874 825-952 684]"
"Africa"," 2012","60.9 [58.79-63.34]","66.62 [64.25-69.34]","54.88 [52.9-57.18]","2 075 027 [2 003 902-2 156 440]","1 153 709 [1 112 111-1 198 745]","921 318 [887 667-958 138]"
"Africa"," 2011","62.6 [60.63-64.79]","68.43 [66.22-70.92]","56.44 [54.59-58.54]","2 096 894 [2 031 858-2 169 038]","1 165 358 [1 126 980-1 205 608]","931 536 [900 374-964 475]"
"Africa"," 2010","64.41 [62.62-66.42]","70.4 [68.39-72.69]","58.1 [56.39-60.04]","2 118 148 [2 060 113-2 183 053]","1 176 905 [1 142 590-1 213 217]","941 243 [913 003-971 213]"
"Africa"," 2009","66.37 [64.69-68.24]","72.52 [70.63-74.64]","59.88 [58.28-61.71]","2 141 794 [2 088 757-2 200 942]","1 189 783 [1 158 090-1 222 738]","952 011 [926 011-979 597]"
"Africa"," 2008","68.49 [66.91-70.24]","74.8 [73.02-76.82]","61.84 [60.33-63.54]","2 166 193 [2 116 745-2 220 487]","1 202 747 [1 173 398-1 233 425]","963 446 [939 357-988 475]"
"Africa"," 2007","70.91 [69.37-72.59]","77.42 [75.7-79.39]","64.05 [62.58-65.69]","2 191 630 [2 144 885-2 242 880]","1 216 460 [1 188 715-1 245 513]","975 170 [952 233-998 830]"
"Africa"," 2006","73.45 [71.96-75.08]","80.14 [78.46-82.03]","66.38 [64.95-67.98]","2 220 653 [2 176 357-2 268 776]","1 232 050 [1 205 270-1 259 022]","988 603 [966 400-1 010 854]"
"Africa"," 2005","76.1 [74.66-77.7]","82.93 [81.27-84.78]","68.91 [67.49-70.46]","2 246 836 [2 205 043-2 293 311]","1 244 907 [1 219 286-1 271 099]","1 001 929 [980 748-1 023 338]"
"Africa"," 2004","78.99 [77.55-80.61]","85.94 [84.28-87.82]","71.68 [70.26-73.26]","2 276 821 [2 235 926-2 322 499]","1 259 352 [1 234 368-1 285 219]","1 017 469 [996 650-1 038 606]"
"Africa"," 2003","82.02 [80.56-83.68]","89.05 [87.39-90.97]","74.63 [73.2-76.23]","2 310 467 [2 270 042-2 356 441]","1 275 377 [1 251 087-1 301 365]","1 035 090 [1 014 811-1 056 146]"
"Africa"," 2002","85.05 [83.58-86.74]","92.16 [90.48-94.11]","77.57 [76.13-79.27]","2 343 516 [2 303 816-2 389 276]","1 291 266 [1 267 173-1 317 096]","1 052 250 [1 032 233-1 074 078]"
"Africa"," 2001","87.98 [86.49-89.72]","95.17 [93.46-97.18]","80.41 [78.93-82.14]","2 372 119 [2 332 640-2 418 167]","1 305 000 [1 280 983-1 330 970]","1 067 119 [1 047 065-1 088 962]"
"Africa"," 2000","90.84 [89.31-92.62]","98.12 [96.38-100.13]","83.19 [81.69-84.97]","2 395 460 [2 355 806-2 441 220]","1 315 870 [1 292 145-1 341 345]","1 079 590 [1 059 697-1 101 491]"
"Africa"," 1999","93.42 [91.85-95.22]","100.85 [99.05-102.86]","85.62 [84.08-87.43]","2 409 073 [2 369 390-2 454 535]","1 322 585 [1 298 698-1 347 524]","1 086 488 [1 066 618-1 108 250]"
"Africa"," 1998","95.8 [94.2-97.64]","103.34 [101.49-105.4]","87.89 [86.32-89.71]","2 421 020 [2 381 448-2 466 528]","1 328 179 [1 304 069-1 353 304]","1 092 841 [1 073 004-1 114 409]"
"Africa"," 1997","97.9 [96.28-99.8]","105.49 [103.62-107.62]","89.94 [88.33-91.81]","2 435 088 [2 395 513-2 481 211]","1 334 568 [1 310 521-1 360 157]","1 100 520 [1 080 564-1 122 359]"
"Africa"," 1996","99.53 [97.85-101.48]","107.21 [105.3-109.41]","91.45 [89.8-93.4]","2 437 289 [2 397 170-2 484 003]","1 335 567 [1 311 346-1 361 477]","1 101 722 [1 081 497-1 123 947]"
"Africa"," 1995","100.9 [99.2-102.89]","108.63 [106.7-110.88]","92.78 [91.09-94.76]","2 423 707 [2 383 985-2 470 156]","1 327 523 [1 303 757-1 353 568]","1 096 184 [1 076 050-1 118 305]"
"Africa"," 1994","102.96 [101.24-104.99]","110.72 [108.76-112.99]","94.81 [93.08-96.83]","2 427 634 [2 387 906-2 474 313]","1 328 286 [1 304 611-1 353 969]","1 099 348 [1 079 193-1 121 572]"
"Africa"," 1993","103.09 [101.33-105.14]","110.9 [108.88-113.21]","94.89 [93.11-96.92]","2 387 339 [2 347 290-2 433 509]","1 306 683 [1 282 637-1 332 441]","1 080 656 [1 060 154-1 102 540]"
"Africa"," 1992","103.92 [102.09-106]","111.77 [109.66-114.13]","95.68 [93.86-97.74]","2 359 836 [2 318 993-2 405 716]","1 291 274 [1 266 602-1 317 060]","1 068 562 [1 048 022-1 090 301]"
"Africa"," 1991","104.74 [102.86-106.84]","112.65 [110.5-115.03]","96.45 [94.58-98.53]","2 332 722 [2 291 959-2 378 354]","1 276 379 [1 252 020-1 302 059]","1 056 343 [1 035 754-1 078 160]"
"Africa"," 1990","105.66 [103.75-107.78]","113.57 [111.39-115.99]","97.36 [95.48-99.47]","2 306 982 [2 266 292-2 352 241]","1 261 610 [1 237 286-1 287 117]","1 045 372 [1 025 202-1 066 966]"
"Americas"," 2021","11.1 [10.54-12.01]","12.21 [11.57-13.22]","9.94 [9.42-10.77]","153 148 [145 337-165 606]","86 074 [81 578-93 157]","67 074 [63 525-72 651]"
"Americas"," 2020","11.45 [10.95-12.24]","12.59 [12.04-13.48]","10.25 [9.78-10.97]","159 653 [152 680-170 515]","89 744 [85 730-95 961]","69 909 [66 689-74 789]"
"Americas"," 2019","11.76 [11.33-12.42]","12.94 [12.45-13.7]","10.51 [10.1-11.13]","167 196 [161 101-176 619]","94 046 [90 449-99 510]","73 150 [70 245-77 356]"
"Americas"," 2018","12.07 [11.69-12.64]","13.29 [12.86-13.95]","10.78 [10.41-11.31]","174 122 [168 692-182 286]","97 992 [94 758-102 781]","76 130 [73 470-79 791]"
"Americas"," 2017","12.35 [12.02-12.84]","13.59 [13.19-14.16]","11.05 [10.72-11.52]","179 873 [175 034-186 883]","101 142 [98 191-105 322]","78 731 [76 355-81 984]"
"Americas"," 2016","12.83 [12.53-13.25]","14.08 [13.72-14.59]","11.51 [11.2-11.93]","189 426 [185 061-195 656]","106 303 [103 526-110 083]","83 123 [80 853-86 135]"
"Americas"," 2015","12.72 [12.45-13.1]","14 [13.67-14.45]","11.38 [11.1-11.77]","189 991 [185 926-195 486]","106 861 [104 305-110 224]","83 130 [81 040-85 873]"
"Americas"," 2014","13 [12.75-13.35]","14.32 [14.01-14.74]","11.61 [11.34-11.97]","194 722 [190 985-199 808]","109 666 [107 216-112 797]","85 056 [83 043-87 639]"
"Americas"," 2013","13.36 [13.12-13.68]","14.72 [14.41-15.11]","11.94 [11.67-12.28]","200 353 [196 772-205 104]","112 826 [110 472-115 793]","87 527 [85 568-90 023]"
"Americas"," 2012","13.74 [13.51-14.05]","15.13 [14.83-15.51]","12.28 [12.01-12.61]","207 068 [203 578-211 625]","116 568 [114 199-119 400]","90 500 [88 506-92 883]"
"Americas"," 2011","14.16 [13.93-14.46]","15.59 [15.29-15.96]","12.66 [12.39-12.98]","214 003 [210 474-218 391]","120 471 [118 058-123 234]","93 532 [91 515-95 879]"
"Americas"," 2010","14.9 [14.65-15.2]","16.39 [16.06-16.77]","13.33 [13.05-13.67]","226 191 [222 377-230 751]","127 189 [124 637-130 102]","99 002 [96 821-101 427]"
"Americas"," 2009","15.01 [14.76-15.3]","16.55 [16.22-16.93]","13.38 [13.09-13.71]","229 904 [226 042-234 346]","129 644 [126 980-132 536]","100 260 [98 035-102 633]"
"Americas"," 2008","15.47 [15.19-15.79]","17.07 [16.72-17.47]","13.79 [13.48-14.13]","239 086 [234 786-243 922]","134 841 [132 034-137 966]","104 245 [101 863-106 796]"
"Americas"," 2007","16.03 [15.72-16.37]","17.69 [17.31-18.13]","14.28 [13.94-14.65]","249 144 [244 386-254 412]","140 602 [137 503-144 020]","108 542 [105 911-111 341]"
"Americas"," 2006","16.71 [16.37-17.08]","18.44 [18.02-18.92]","14.88 [14.51-15.29]","259 775 [254 462-265 535]","146 633 [143 168-150 328]","113 142 [110 244-116 183]"
"Americas"," 2005","17.48 [17.1-17.89]","19.3 [18.83-19.82]","15.55 [15.14-16]","270 984 [265 089-277 279]","153 022 [149 233-157 026]","117 962 [114 806-121 254]"
"Americas"," 2004","18.25 [17.84-18.68]","20.15 [19.65-20.7]","16.25 [15.8-16.71]","282 805 [276 541-289 548]","159 648 [155 648-163 934]","123 157 [119 756-126 665]"
"Americas"," 2003","19.04 [18.61-19.5]","21.02 [20.5-21.6]","16.95 [16.49-17.45]","296 472 [289 735-303 655]","167 376 [163 067-171 893]","129 096 [125 502-132 859]"
"Americas"," 2002","19.96 [19.5-20.45]","22.02 [21.45-22.63]","17.78 [17.3-18.31]","312 403 [305 227-320 035]","176 243 [171 539-181 041]","136 160 [132 404-140 153]"
"Americas"," 2001","20.89 [20.41-21.41]","23.05 [22.43-23.7]","18.61 [18.1-19.19]","329 436 [321 857-337 610]","185 798 [180 756-190 878]","143 638 [139 584-147 958]"
"Americas"," 2000","21.86 [21.35-22.4]","24.11 [23.47-24.8]","19.49 [18.93-20.09]","346 812 [338 761-355 361]","195 559 [190 240-201 014]","151 253 [146 860-155 812]"
"Americas"," 1999","22.97 [22.44-23.54]","25.32 [24.64-26.06]","20.5 [19.91-21.13]","364 442 [355 997-373 486]","205 360 [199 800-211 254]","159 082 [154 496-163 935]"
"Americas"," 1998","24.27 [23.7-24.87]","26.72 [26-27.49]","21.69 [21.08-22.35]","385 243 [376 278-394 770]","216 801 [210 886-222 964]","168 442 [163 666-173 510]"
"Americas"," 1997","25.34 [24.74-25.98]","27.9 [27.13-28.72]","22.64 [22-23.35]","402 517 [393 092-412 634]","226 548 [220 278-233 018]","175 969 [170 946-181 338]"
"Americas"," 1996","26.56 [25.93-27.22]","29.22 [28.42-30.08]","23.76 [23.07-24.48]","423 828 [413 793-434 350]","238 333 [231 752-245 200]","185 495 [180 089-191 053]"
"Americas"," 1995","27.82 [27.16-28.53]","30.58 [29.74-31.48]","24.91 [24.18-25.67]","445 542 [435 145-456 883]","250 353 [243 445-257 556]","195 189 [189 403-201 030]"
"Americas"," 1994","29.05 [28.36-29.78]","31.91 [31.04-32.85]","26.03 [25.25-26.83]","467 508 [456 601-479 222]","262 526 [255 326-270 099]","204 982 [198 817-211 144]"
"Americas"," 1993","30.32 [29.59-31.1]","33.29 [32.38-34.27]","27.19 [26.39-28.02]","489 393 [477 811-501 900]","274 734 [267 216-282 608]","214 659 [208 388-221 080]"
"Americas"," 1992","31.53 [30.78-32.33]","34.62 [33.68-35.63]","28.27 [27.45-29.15]","511 810 [499 584-524 702]","287 287 [279 382-295 417]","224 523 [217 881-231 304]"
"Americas"," 1991","32.8 [32.01-33.62]","36.04 [35.04-37.07]","29.4 [28.53-30.31]","534 834 [521 911-548 057]","300 264 [291 920-308 661]","234 570 [227 590-241 691]"
"Americas"," 1990","34.01 [33.17-34.88]","37.32 [36.29-38.4]","30.51 [29.6-31.46]","556 355 [542 598-570 541]","312 117 [303 422-320 943]","244 238 [236 846-251 672]"
"South-East Asia"," 2021","23.87 [22.18-25.78]","24.58 [22.75-26.66]","23.11 [21.37-25.11]","796 899 [740 773-860 398]","424 491 [392 977-460 274]","372 408 [344 585-404 594]"
"South-East Asia"," 2020","25.03 [23.51-26.75]","25.73 [24.06-27.62]","24.29 [22.69-26.13]","843 169 [792 080-900 960]","448 527 [419 603-481 420]","394 642 [368 853-424 538]"
"South-East Asia"," 2019","26.33 [24.94-27.88]","27 [25.44-28.69]","25.62 [24.14-27.28]","902 004 [854 494-954 911]","478 973 [451 288-508 879]","423 031 [398 638-450 393]"
"South-East Asia"," 2018","27.69 [26.44-29.13]","28.32 [26.89-29.86]","27.04 [25.67-28.58]","958 520 [915 260-1 007 863]","507 924 [482 621-535 639]","450 596 [427 884-476 238]"
"South-East Asia"," 2017","29.1 [27.93-30.41]","29.68 [28.34-31.13]","28.49 [27.18-29.94]","1 018 923 [977 951-1 064 604]","538 894 [514 877-565 204]","480 029 [458 070-504 313]"
"South-East Asia"," 2016","30.6 [29.47-31.84]","31.12 [29.83-32.52]","30.02 [28.74-31.43]","1 083 161 [1 043 472-1 126 603]","572 024 [548 204-597 361]","511 137 [489 335-534 787]"
"South-East Asia"," 2015","32.14 [31.01-33.33]","32.63 [31.33-33.98]","31.6 [30.31-33]","1 142 349 [1 102 517-1 184 280]","602 288 [578 270-627 020]","540 061 [517 969-563 615]"
"South-East Asia"," 2014","33.74 [32.62-34.92]","34.2 [32.9-35.52]","33.24 [31.95-34.61]","1 218 935 [1 178 754-1 261 332]","641 458 [617 096-665 973]","577 477 [555 122-601 083]"
"South-East Asia"," 2013","35.5 [34.33-36.71]","35.88 [34.57-37.2]","35.05 [33.72-36.44]","1 305 112 [1 262 597-1 349 154]","685 424 [660 275-710 241]","619 688 [595 949-643 798]"
"South-East Asia"," 2012","37.24 [36.04-38.51]","37.58 [36.25-38.96]","36.84 [35.51-38.26]","1 384 051 [1 339 497-1 430 746]","726 032 [700 098-752 090]","658 019 [634 035-682 892]"
"South-East Asia"," 2011","39.09 [37.82-40.45]","39.38 [38.04-40.81]","38.74 [37.38-40.19]","1 464 319 [1 417 123-1 514 746]","767 187 [740 872-794 468]","697 132 [672 553-722 845]"
"South-East Asia"," 2010","41.02 [39.7-42.46]","41.27 [39.91-42.75]","40.73 [39.33-42.23]","1 547 800 [1 498 347-1 601 372]","809 632 [782 910-838 133]","738 168 [712 777-764 805]"
"South-East Asia"," 2009","42.97 [41.61-44.48]","43.35 [41.96-44.92]","42.53 [41.08-44.1]","1 632 945 [1 581 543-1 689 749]","856 397 [828 790-886 763]","776 548 [749 904-804 605]"
"South-East Asia"," 2008","45.11 [43.73-46.67]","45.49 [44.08-47.08]","44.69 [43.22-46.31]","1 724 688 [1 672 270-1 783 787]","903 820 [875 903-934 953]","820 868 [794 144-850 308]"
"South-East Asia"," 2007","46.74 [45.35-48.32]","47.15 [45.69-48.75]","46.3 [44.82-47.94]","1 797 729 [1 744 418-1 857 619]","942 053 [913 116-973 598]","855 676 [828 454-885 635]"
"South-East Asia"," 2006","48.74 [47.32-50.3]","49.25 [47.78-50.87]","48.17 [46.66-49.81]","1 889 490 [1 834 680-1 949 325]","992 232 [962 565-1 024 195]","897 258 [869 078-927 288]"
"South-East Asia"," 2005","50.76 [49.31-52.33]","51.16 [49.65-52.75]","50.29 [48.78-51.98]","1 991 443 [1 935 044-2 052 491]","1 043 311 [1 012 473-1 075 178]","948 132 [919 442-979 248]"
"South-East Asia"," 2004","53.13 [51.69-54.72]","53.79 [52.25-55.44]","52.41 [50.88-54.08]","2 104 530 [2 047 852-2 166 809]","1 107 354 [1 075 887-1 140 961]","997 176 [968 330-1 028 489]"
"South-East Asia"," 2003","54.92 [53.44-56.51]","55.19 [53.65-56.85]","54.58 [53.04-56.25]","2 192 288 [2 134 162-2 255 245]","1 144 836 [1 112 767-1 178 562]","1 047 452 [1 017 739-1 078 679]"
"South-East Asia"," 2002","57.07 [55.59-58.68]","57.55 [55.96-59.29]","56.52 [54.91-58.25]","2 293 385 [2 234 647-2 357 583]","1 201 595 [1 168 417-1 237 272]","1 091 790 [1 060 835-1 124 694]"
"South-East Asia"," 2001","59.28 [57.77-60.91]","60.08 [58.45-61.83]","58.41 [56.77-60.17]","2 381 279 [2 321 368-2 446 244]","1 254 250 [1 220 658-1 290 415]","1 127 029 [1 095 668-1 160 562]"
"South-East Asia"," 2000","61.51 [59.98-63.16]","62.61 [61-64.33]","60.31 [58.73-62.06]","2 455 846 [2 395 328-2 520 813]","1 299 193 [1 266 112-1 334 252]","1 156 653 [1 126 489-1 189 679]"
"South-East Asia"," 1999","63.75 [62.21-65.45]","65.25 [63.64-67.05]","62.11 [60.53-63.87]","2 540 741 [2 480 182-2 607 838]","1 351 406 [1 318 249-1 388 184]","1 189 335 [1 159 283-1 222 486]"
"South-East Asia"," 1998","65.97 [64.41-67.7]","67.27 [65.6-69.1]","64.56 [62.93-66.36]","2 635 919 [2 574 378-2 704 512]","1 396 045 [1 361 802-1 433 463]","1 239 874 [1 208 987-1 273 839]"
"South-East Asia"," 1997","68.19 [66.59-69.96]","69.75 [68.01-71.62]","66.5 [64.83-68.37]","2 724 501 [2 661 012-2 794 371]","1 446 360 [1 410 592-1 484 551]","1 278 141 [1 246 400-1 313 450]"
"South-East Asia"," 1996","70.44 [68.78-72.22]","72.33 [70.48-74.28]","68.41 [66.64-70.36]","2 810 411 [2 744 857-2 880 439]","1 496 965 [1 459 132-1 536 776]","1 313 446 [1 279 850-1 350 396]"
"South-East Asia"," 1995","72.69 [71.01-74.5]","74.79 [72.86-76.79]","70.45 [68.62-72.45]","2 895 467 [2 829 255-2 966 547]","1 544 066 [1 505 032-1 584 907]","1 351 401 [1 316 846-1 389 393]"
"South-East Asia"," 1994","74.91 [73.17-76.73]","77.3 [75.3-79.36]","72.35 [70.47-74.35]","2 972 233 [2 904 390-3 043 479]","1 587 698 [1 547 316-1 629 552]","1 384 535 [1 349 069-1 422 454]"
"South-East Asia"," 1993","77.06 [75.28-78.89]","79.81 [77.76-81.92]","74.13 [72.17-76.18]","3 049 609 [2 980 175-3 120 694]","1 632 934 [1 591 617-1 675 605]","1 416 675 [1 379 879-1 455 542]"
"South-East Asia"," 1992","79.27 [77.45-81.15]","82.35 [80.25-84.52]","76 [74.03-78.12]","3 135 366 [3 064 187-3 208 580]","1 682 401 [1 640 312-1 726 201]","1 452 965 [1 415 979-1 492 929]"
"South-East Asia"," 1991","81.53 [79.65-83.46]","84.9 [82.7-87.09]","77.99 [75.91-80.19]","3 214 517 [3 141 857-3 289 361]","1 726 955 [1 683 495-1 771 278]","1 487 562 [1 448 998-1 529 349]"
"South-East Asia"," 1990","83.96 [82.04-85.95]","87.49 [85.24-89.76]","80.24 [78.12-82.49]","3 302 835 [3 228 292-3 379 909]","1 774 145 [1 729 653-1 819 826]","1 528 690 [1 489 227-1 571 137]"
"Europe"," 2021","6.48 [6.11-7.08]","7.17 [6.75-7.85]","5.75 [5.43-6.29]","67 080 [63 333-73 230]","38 165 [36 002-41 800]","28 915 [27 300-31 595]"
"Europe"," 2020","6.73 [6.38-7.26]","7.45 [7.05-8.05]","5.97 [5.66-6.45]","70 498 [66 811-76 062]","40 114 [37 995-43 360]","30 384 [28 799-32 785]"
"Europe"," 2019","6.94 [6.61-7.42]","7.69 [7.3-8.23]","6.16 [5.87-6.59]","74 298 [70 754-79 306]","42 284 [40 212-45 247]","32 014 [30 503-34 205]"
"Europe"," 2018","7.16 [6.85-7.57]","7.92 [7.56-8.38]","6.37 [6.09-6.73]","78 432 [75 095-82 909]","44 576 [42 646-47 196]","33 856 [32 437-35 811]"
"Europe"," 2017","7.38 [7.1-7.73]","8.16 [7.84-8.56]","6.56 [6.31-6.88]","83 529 [80 398-87 429]","47 480 [45 670-49 815]","36 049 [34 689-37 796]"
"Europe"," 2016","7.7 [7.44-8.]","8.51 [8.21-8.86]","6.84 [6.61-7.12]","89 090 [86 067-92 588]","50 661 [48 913-52 768]","38 429 [37 128-40 021]"
"Europe"," 2015","8.09 [7.84-8.37]","8.96 [8.67-9.28]","7.18 [6.95-7.44]","93 625 [90 723-96 813]","53 324 [51 627-55 279]","40 301 [39 045-41 781]"
"Europe"," 2014","8.46 [8.21-8.73]","9.37 [9.08-9.68]","7.51 [7.28-7.76]","97 361 [94 470-100 387]","55 460 [53 755-57 312]","41 901 [40 637-43 305]"
"Europe"," 2013","8.84 [8.56-9.11]","9.78 [9.47-10.11]","7.84 [7.59-8.1]","100 964 [97 893-104 073]","57 491 [55 692-59 413]","43 473 [42 132-44 906]"
"Europe"," 2012","9.15 [8.86-9.45]","10.12 [9.78-10.47]","8.13 [7.87-8.41]","104 726 [101 415-108 126]","59 587 [57 614-61 639]","45 139 [43 714-46 703]"
"Europe"," 2011","9.55 [9.23-9.88]","10.58 [10.2-10.97]","8.47 [8.18-8.78]","108 911 [105 216-112 643]","62 013 [59 822-64 332]","46 898 [45 303-48 589]"
"Europe"," 2010","9.96 [9.6-10.32]","11.03 [10.62-11.47]","8.83 [8.51-9.17]","113 978 [109 863-118 162]","64 921 [62 522-67 486]","49 057 [47 321-50 966]"
"Europe"," 2009","10.48 [10.09-10.89]","11.62 [11.17-12.1]","9.29 [8.93-9.67]","118 785 [114 325-123 426]","67 682 [65 114-70 487]","51 103 [49 200-53 222]"
"Europe"," 2008","10.98 [10.57-11.43]","12.18 [11.7-12.7]","9.73 [9.37-10.15]","122 322 [117 745-127 291]","69 684 [66 992-72 690]","52 638 [50 689-54 913]"
"Europe"," 2007","11.62 [11.18-12.11]","12.88 [12.39-13.46]","10.3 [9.91-10.75]","125 518 [120 828-130 703]","71 506 [68 814-74 665]","54 012 [52 012-56 360]"
"Europe"," 2006","12.27 [11.82-12.78]","13.59 [13.09-14.18]","10.88 [10.48-11.34]","129 692 [125 030-135 028]","73 870 [71 172-77 040]","55 822 [53 813-58 210]"
"Europe"," 2005","12.99 [12.54-13.52]","14.4 [13.88-15.]","11.5 [11.09-11.99]","135 311 [130 692-140 798]","77 124 [74 422-80 365]","58 187 [56 150-60 628]"
"Europe"," 2004","13.72 [13.27-14.25]","15.2 [14.68-15.81]","12.16 [11.75-12.66]","141 619 [137 015-147 060]","80 685 [78 003-83 937]","60 934 [58 906-63 416]"
"Europe"," 2003","14.54 [14.09-15.07]","16.1 [15.58-16.72]","12.9 [12.49-13.4]","148 837 [144 242-154 302]","84 734 [82 027-88 024]","64 103 [62 093-66 604]"
"Europe"," 2002","15.53 [15.07-16.09]","17.2 [16.68-17.83]","13.79 [13.35-14.3]","158 611 [153 932-164 208]","90 271 [87 595-93 616]","68 340 [66 234-70 934]"
"Europe"," 2001","16.57 [16.11-17.13]","18.35 [17.81-18.98]","14.71 [14.27-15.23]","168 873 [164 212-174 460]","96 159 [93 448-99 509]","72 714 [70 587-75 313]"
"Europe"," 2000","17.43 [16.97-17.98]","19.28 [18.75-19.91]","15.49 [15.05-16.02]","179 252 [174 489-184 844]","101 978 [99 256-105 326]","77 274 [75 109-79 928]"
"Europe"," 1999","18.58 [18.1-19.13]","20.52 [19.97-21.16]","16.53 [16.07-17.08]","192 381 [187 469-198 110]","109 322 [106 461-112 768]","83 059 [80 768-85 826]"
"Europe"," 1998","19.68 [19.19-20.26]","21.74 [21.16-22.41]","17.52 [17.03-18.1]","206 899 [201 761-212 965]","117 530 [114 490-121 219]","89 369 [86 944-92 322]"
"Europe"," 1997","20.69 [20.19-21.29]","22.85 [22.27-23.55]","18.42 [17.92-19.01]","221 500 [216 162-227 845]","125 797 [122 677-129 657]","95 703 [93 158-98 760]"
"Europe"," 1996","21.71 [21.19-22.32]","23.97 [23.37-24.68]","19.33 [18.82-19.93]","235 881 [230 342-242 459]","133 959 [130 730-137 930]","101 922 [99 323-105 097]"
"Europe"," 1995","22.67 [22.15-23.28]","25.04 [24.44-25.77]","20.18 [19.66-20.78]","249 568 [243 958-256 212]","141 680 [138 404-145 786]","107 888 [105 204-111 115]"
"Europe"," 1994","23.28 [22.76-23.89]","25.71 [25.09-26.44]","20.73 [20.2-21.33]","262 500 [256 748-269 368]","148 982 [145 559-153 216]","113 518 [110 728-116 854]"
"Europe"," 1993","23.73 [23.21-24.35]","26.2 [25.58-26.93]","21.15 [20.62-21.76]","275 452 [269 508-282 462]","156 230 [152 733-160 579]","119 222 [116 340-122 633]"
"Europe"," 1992","24.01 [23.5-24.63]","26.53 [25.92-27.27]","21.38 [20.86-21.99]","289 769 [283 655-297 126]","164 490 [160 833-169 053]","125 279 [122 366-128 870]"
"Europe"," 1991","24.39 [23.86-25.]","26.94 [26.32-27.68]","21.7 [21.17-22.31]","303 018 [296 682-310 444]","172 051 [168 220-176 692]","130 967 [127 908-134 609]"
"Europe"," 1990","24.73 [24.22-25.35]","27.34 [26.73-28.07]","21.99 [21.48-22.6]","316 148 [309 718-323 811]","179 521 [175 643-184 238]","136 627 [133 521-140 366]"
"Eastern Mediterranean"," 2021","35.92 [31.97-42.29]","39.04 [34.71-45.97]","32.64 [29.06-38.53]","661 735 [589 218-776 733]","368 544 [327 937-433 002]","293 191 [261 132-345 367]"
"Eastern Mediterranean"," 2020","36.66 [33.13-42.32]","39.82 [35.88-45.93]","33.32 [30.09-38.54]","674 996 [610 353-777 084]","375 799 [338 727-432 303]","299 197 [270 369-345 151]"
"Eastern Mediterranean"," 2019","37.53 [34.34-42.55]","40.75 [37.2-46.25]","34.16 [31.21-38.82]","689 671 [631 458-779 726]","383 655 [350 696-434 347]","306 016 [279 969-346 970]"
"Eastern Mediterranean"," 2018","38.18 [35.32-42.65]","41.43 [38.26-46.35]","34.78 [32.14-38.95]","705 315 [652 803-786 101]","392 175 [362 461-437 573]","313 140 [289 596-350 119]"
"Eastern Mediterranean"," 2017","38.91 [36.34-42.98]","42.22 [39.33-46.66]","35.47 [33.03-39.26]","720 280 [673 178-794 028]","400 339 [373 444-441 892]","319 941 [298 281-353 624]"
"Eastern Mediterranean"," 2016","39.98 [37.59-43.69]","43.34 [40.64-47.44]","36.45 [34.2-39.95]","741 720 [697 858-808 230]","412 024 [386 733-449 876]","329 696 [309 568-360 702]"
"Eastern Mediterranean"," 2015","40.78 [38.58-44.14]","44.2 [41.68-47.86]","37.19 [35.09-40.36]","763 474 [722 753-824 966]","424 100 [400 251-458 297]","339 374 [320 362-367 790]"
"Eastern Mediterranean"," 2014","41.88 [39.83-44.89]","45.38 [43.05-48.69]","38.21 [36.21-41.14]","783 698 [745 691-838 528]","435 269 [413 070-466 184]","348 429 [330 417-374 492]"
"Eastern Mediterranean"," 2013","43.14 [41.17-45.91]","46.7 [44.46-49.74]","39.39 [37.47-42.09]","799 088 [762 992-849 632]","443 554 [422 516-471 922]","355 534 [338 403-379 481]"
"Eastern Mediterranean"," 2012","44.34 [42.47-46.91]","47.98 [45.84-50.85]","40.51 [38.68-43.03]","807 277 [773 464-853 489]","448 069 [428 305-474 495]","359 208 [343 071-381 234]"
"Eastern Mediterranean"," 2011","45.39 [43.58-47.82]","49.1 [47.06-51.8]","41.5 [39.74-43.88]","810 671 [778 653-853 285]","449 915 [431 532-474 424]","360 756 [345 653-381 218]"
"Eastern Mediterranean"," 2010","46.67 [44.97-48.95]","50.49 [48.53-53.05]","42.67 [40.97-44.9]","814 693 [785 262-853 867]","452 439 [435 192-475 010]","362 254 [348 085-381 001]"
"Eastern Mediterranean"," 2009","48.04 [46.42-50.17]","51.96 [50.1-54.38]","43.91 [42.27-46.01]","817 772 [790 489-853 171]","454 478 [438 431-475 223]","363 294 [349 900-380 464]"
"Eastern Mediterranean"," 2008","49.34 [47.83-51.35]","53.36 [51.58-55.64]","45.13 [43.58-47.1]","825 079 [800 238-857 886]","458 475 [443 667-477 913]","366 604 [354 349-382 542]"
"Eastern Mediterranean"," 2007","50.87 [49.43-52.74]","54.97 [53.3-57.14]","46.57 [45.09-48.44]","830 984 [807 809-860 941]","461 385 [447 665-479 462]","369 599 [358 108-384 236]"
"Eastern Mediterranean"," 2006","52.3 [50.9-54.08]","56.45 [54.8-58.52]","47.95 [46.5-49.77]","833 901 [811 805-861 637]","462 748 [449 567-479 623]","371 153 [360 212-385 155]"
"Eastern Mediterranean"," 2005","53.75 [52.35-55.47]","57.97 [56.34-60.]","49.31 [47.88-51.06]","843 951 [822 280-870 452]","468 006 [455 190-484 231]","375 945 [365 232-389 178]"
"Eastern Mediterranean"," 2004","55.22 [53.82-56.9]","59.47 [57.83-61.44]","50.75 [49.29-52.51]","857 020 [835 552-882 533]","474 538 [461 816-489 990]","382 482 [371 731-395 580]"
"Eastern Mediterranean"," 2003","56.66 [55.23-58.31]","60.93 [59.28-62.88]","52.16 [50.67-53.9]","868 597 [846 985-893 515]","480 446 [467 710-495 595]","388 151 [377 345-401 021]"
"Eastern Mediterranean"," 2002","58.08 [56.64-59.75]","62.4 [60.77-64.36]","53.53 [52.04-55.27]","879 492 [858 169-904 223]","486 238 [473 816-501 268]","393 254 [382 627-405 950]"
"Eastern Mediterranean"," 2001","59.56 [58.15-61.24]","63.93 [62.27-65.9]","54.97 [53.52-56.7]","891 254 [870 446-915 879]","492 313 [479 865-507 236]","398 941 [388 677-411 420]"
"Eastern Mediterranean"," 2000","61.25 [59.84-62.93]","65.65 [63.96-67.57]","56.64 [55.17-58.4]","904 725 [884 329-929 000]","499 054 [486 670-513 647]","405 671 [395 432-418 225]"
"Eastern Mediterranean"," 1999","62.97 [61.54-64.64]","67.41 [65.7-69.37]","58.32 [56.84-60.08]","919 186 [898 672-943 039]","506 343 [493 971-520 938]","412 843 [402 680-425 307]"
"Eastern Mediterranean"," 1998","64.69 [63.25-66.37]","69.13 [67.4-71.09]","60.04 [58.53-61.83]","933 986 [913 501-957 688]","513 501 [501 054-527 957]","420 485 [410 231-432 930]"
"Eastern Mediterranean"," 1997","66.46 [64.98-68.14]","70.87 [69.13-72.83]","61.83 [60.31-63.61]","951 536 [930 724-974 988]","522 127 [509 684-536 432]","429 409 [419 153-441 643]"
"Eastern Mediterranean"," 1996","68.16 [66.7-69.86]","72.54 [70.82-74.53]","63.56 [62.03-65.39]","971 808 [951 330-995 468]","532 205 [519 946-546 568]","439 603 [429 340-452 064]"
"Eastern Mediterranean"," 1995","69.7 [68.23-71.4]","74.03 [72.32-76.03]","65.14 [63.54-66.99]","993 002 [972 521-1 016 843]","542 844 [530 620-557 314]","450 158 [439 438-462 808]"
"Eastern Mediterranean"," 1994","71.13 [69.67-72.85]","75.45 [73.72-77.46]","66.57 [64.98-68.46]","1 011 410 [990 848-1 035 247]","552 067 [539 722-566 455]","459 343 [448 663-472 170]"
"Eastern Mediterranean"," 1993","72.24 [70.8-73.94]","76.58 [74.85-78.57]","67.68 [66.09-69.57]","1 029 387 [1 009 120-1 053 186]","560 983 [548 563-575 463]","468 404 [457 609-481 373]"
"Eastern Mediterranean"," 1992","73.67 [72.2-75.4]","78.06 [76.31-80.09]","69.06 [67.45-70.94]","1 049 392 [1 028 869-1 073 686]","571 391 [558 922-586 107]","478 001 [467 164-490 977]"
"Eastern Mediterranean"," 1991","75.34 [73.85-77.04]","79.82 [78.01-81.86]","70.63 [69.-72.52]","1 068 156 [1 047 448-1 091 883]","581 459 [568 729-596 112]","486 697 [475 780-499 584]"
"Eastern Mediterranean"," 1990","77.06 [75.54-78.77]","81.65 [79.81-83.67]","72.23 [70.58-74.13]","1 085 643 [1 064 587-1 109 300]","590 681 [577 732-605 201]","494 962 [483 878-507 822]"
"Western Pacific"," 2021","9.02 [8.09-10.25]","9.8 [8.77-11.15]","8.2 [7.33-9.35]","163 078 [146 622-184 839]","92 702 [83 287-105 354]","70 376 [63 204-80 304]"
"Western Pacific"," 2020","9.15 [8.34-10.17]","9.92 [9.03-11.04]","8.32 [7.56-9.29]","180 868 [165 295-200 280]","102 868 [94 006-114 336]","78 000 [71 212-86 936]"
"Western Pacific"," 2019","9.15 [8.48-9.98]","9.89 [9.15-10.82]","8.36 [7.71-9.15]","199 186 [184 657-216 916]","113 206 [104 881-123 833]","85 980 [79 477-94 196]"
"Western Pacific"," 2018","9.45 [8.85-10.18]","10.2 [9.51-11.02]","8.65 [8.05-9.36]","221 190 [207 497-237 580]","125 673 [117 591-135 679]","95 517 [89 167-103 329]"
"Western Pacific"," 2017","9.57 [9.05-10.18]","10.32 [9.72-11.02]","8.77 [8.24-9.39]","242 717 [229 536-258 132]","138 178 [130 412-147 778]","104 539 [98 452-112 079]"
"Western Pacific"," 2016","10.07 [9.58-10.64]","10.86 [10.28-11.54]","9.22 [8.71-9.81]","252 735 [240 253-267 020]","144 175 [136 688-153 347]","108 560 [102 721-115 694]"
"Western Pacific"," 2015","10.7 [10.21-11.25]","11.53 [10.95-12.19]","9.8 [9.28-10.39]","268 751 [256 417-282 572]","153 360 [145 887-162 394]","115 391 [109 478-122 509]"
"Western Pacific"," 2014","11.19 [10.71-11.71]","12.05 [11.48-12.7]","10.25 [9.73-10.83]","287 892 [275 653-301 450]","164 525 [157 009-173 623]","123 367 [117 290-130 505]"
"Western Pacific"," 2013","11.86 [11.38-12.38]","12.79 [12.2-13.43]","10.87 [10.32-11.45]","306 401 [293 909-319 811]","175 312 [167 641-184 654]","131 089 [124 726-138 465]"
"Western Pacific"," 2012","12.46 [11.96-12.99]","13.43 [12.82-14.09]","11.43 [10.85-12.02]","321 174 [308 222-334 629]","183 967 [176 074-193 475]","137 207 [130 656-144 694]"
"Western Pacific"," 2011","13.3 [12.78-13.85]","14.34 [13.7-15.03]","12.18 [11.6-12.81]","332 657 [319 616-346 365]","190 735 [182 665-200 463]","141 922 [135 446-149 520]"
"Western Pacific"," 2010","14.13 [13.58-14.73]","15.23 [14.54-15.97]","12.96 [12.34-13.63]","355 475 [341 474-370 520]","203 866 [195 082-214 333]","151 609 [144 806-159 806]"
"Western Pacific"," 2009","15.03 [14.43-15.67]","16.2 [15.44-17]","13.77 [13.12-14.49]","376 739 [361 599-392 779]","216 257 [206 645-227 439]","160 482 [153 262-169 272]"
"Western Pacific"," 2008","16.01 [15.33-16.7]","17.26 [16.43-18.11]","14.67 [13.95-15.44]","394 521 [377 871-411 432]","226 448 [216 207-238 242]","168 073 [160 247-177 238]"
"Western Pacific"," 2007","17.12 [16.38-17.86]","18.44 [17.55-19.35]","15.71 [14.93-16.52]","413 114 [395 182-430 868]","236 978 [226 088-249 268]","176 136 [167 875-185 734]"
"Western Pacific"," 2006","18.38 [17.57-19.17]","19.79 [18.83-20.76]","16.87 [16.01-17.75]","435 999 [416 796-454 552]","250 025 [238 562-262 945]","185 974 [177 022-196 166]"
"Western Pacific"," 2005","19.77 [18.91-20.63]","21.28 [20.25-22.34]","18.17 [17.25-19.12]","463 778 [443 618-483 869]","265 676 [253 615-279 673]","198 102 [188 675-209 030]"
"Western Pacific"," 2004","21.28 [20.39-22.21]","22.87 [21.79-24.03]","19.57 [18.6-20.61]","494 946 [474 313-516 545]","283 161 [270 453-298 086]","211 785 [201 850-223 452]"
"Western Pacific"," 2003","22.92 [21.96-23.94]","24.61 [23.45-25.89]","21.1 [20.06-22.24]","531 420 [509 415-555 122]","303 609 [290 047-320 051]","227 811 [217 107-240 719]"
"Western Pacific"," 2002","24.61 [23.59-25.75]","26.4 [25.14-27.78]","22.7 [21.57-23.94]","574 665 [550 997-601 126]","327 732 [312 948-345 730]","246 933 [235 269-261 074]"
"Western Pacific"," 2001","26.32 [25.24-27.55]","28.22 [26.85-29.73]","24.3 [23.1-25.65]","629 602 [603 603-658 952]","358 620 [342 088-378 738]","270 982 [258 266-286 735]"
"Western Pacific"," 2000","28 [26.84-29.34]","29.98 [28.52-31.61]","25.9 [24.58-27.37]","674 063 [646 309-705 877]","383 383 [365 798-404 968]","290 680 [276 664-307 761]"
"Western Pacific"," 1999","29.58 [28.36-30.95]","31.66 [30.11-33.38]","27.36 [25.97-28.92]","705 746 [676 660-738 419]","400 880 [382 185-423 437]","304 866 [290 066-322 945]"
"Western Pacific"," 1998","31.05 [29.72-32.48]","33.22 [31.54-35.02]","28.74 [27.24-30.4]","755 524 [723 237-790 216]","428 506 [407 793-452 659]","327 018 [310 749-346 622]"
"Western Pacific"," 1997","32.51 [31.09-34.02]","34.75 [32.97-36.63]","30.1 [28.48-31.87]","811 521 [776 081-849 118]","459 521 [436 875-485 077]","352 000 [333 765-373 328]"
"Western Pacific"," 1996","33.91 [32.41-35.49]","36.2 [34.33-38.19]","31.44 [29.73-33.29]","872 617 [834 071-913 170]","493 103 [468 435-520 943]","379 514 [359 594-402 391]"
"Western Pacific"," 1995","35.26 [33.7-36.93]","37.65 [35.68-39.75]","32.74 [30.96-34.67]","933 514 [892 628-977 469]","526 525 [500 363-556 998]","406 989 [385 748-431 786]"
"Western Pacific"," 1994","36.52 [34.89-38.25]","38.94 [36.9-41.1]","33.93 [32.04-35.98]","994 597 [950 405-1 041 639]","559 610 [531 293-591 508]","434 987 [411 448-461 894]"
"Western Pacific"," 1993","37.76 [35.99-39.68]","40.24 [38.08-42.62]","35.12 [33.09-37.31]","1 060 595 [1 010 985-1 114 315]","595 238 [564 311-631 350]","465 357 [439 214-495 107]"
"Western Pacific"," 1992","38.74 [36.77-40.95]","41.27 [38.88-43.93]","36.07 [33.85-38.51]","1 140 508 [1 082 356-1 205 359]","638 371 [602 435-680 743]","502 137 [471 965-536 971]"
"Western Pacific"," 1991","39.62 [37.4-42.15]","42.15 [39.53-45.17]","36.92 [34.49-39.63]","1 307 646 [1 233 335-1 392 072]","729 454 [684 115-783 502]","578 192 [540 197-621 962]"
"Western Pacific"," 1990","40.51 [37.95-43.46]","43.02 [40-46.45]","37.86 [35.14-41.01]","1 417 798 [1 328 789-1 519 663]","789 043 [734 907-852 307]","628 755 [584 671-681 721]"
